No.,ジャンル,日本語,タイ語読み,タイ語文字
1,人やものをさす言葉,私（男性）,phǒm,ผม
1,人やものをさす言葉,私（女性）,dìʔ chǎn,ดิฉัน
1,人やものをさす言葉,私たち,phûak raw,(พวก)เรา
1,人やものをさす言葉,あなた・〜さん,khun ~,คุณ(~)
1,人やものをさす言葉,おなたたち・きみたち,phûak khun,พวกคุณ
1,人やものをさす言葉,彼・彼女,khǎw,เขา
1,人やものをさす言葉,彼ら・彼女たち,phûak khǎw,พวกเขา
1,人やものをさす言葉,それ（動物などに）,man,มัน
1,人やものをさす言葉,みなさん,thúk thân,ทุกท่าน
1,人やものをさす言葉,この〜,~ níi,~นี้
1,人やものをさす言葉,その〜,~ nán,~นั้น
1,人やものをさす言葉,あの〜,~ nóon,~โน้น
1,人やものをさす言葉,この人,khon níi,คนนี้
1,人やものをさす言葉,その人,khon nán,คนนั้น
1,人やものをさす言葉,あの人,khon nóon,คนโน้น
1,人やものをさす言葉,これ,nîi / ʔan níi,นี่/อันนี้
1,人やものをさす言葉,それ,nân / ʔan nán,นั่น/อันนั้น
1,人やものをさす言葉,あれ,nôon / ʔan nóon,โน่น/อันโน้น
1,人やものをさす言葉,これらの〜,~ phûak níi,~พวกนี้
1,人やものをさす言葉,それらの〜,~ phûak nán,~พวกนั้น
1,人やものをさす言葉,あれらの〜,~ phûak nóon,~พวกโน้น
2,たずねる言葉,何（の〜）,~ ʔà ray,(~)อะไร
2,たずねる言葉,何という名前ですか。,chɯ̂ɯ ʔà ray,ชื่ออะไร
2,たずねる言葉,どうしたの,pen ʔà ray,เป็นอะไร
2,たずねる言葉,どんな用,thúʔ ráʔ ʔà ray,ธุระอะไร
2,たずねる言葉,どういう意味,plɛɛ wâa ʔà ray,แปลว่าอะไร
2,たずねる言葉,誰,kray,ใคร
2,たずねる言葉,誰の,khɔ̌ɔŋ kray,ของใคร
2,たずねる言葉,誰と,kàp kray,กับใคร
2,たずねる言葉,どの〜,~ nǎy,~ไหน
2,たずねる言葉,どこ,thîi nǎy,ที่ไหน
2,たずねる言葉,どこ（狭く）,troŋ nǎy,ตรงไหน
2,たずねる言葉,どれ,ʔan nǎy,อันไหน
2,たずねる言葉,どちらのほう,thaaŋ nǎy,ทางไหน
2,たずねる言葉,どの人,khon nǎy,คนไหน
2,たずねる言葉,なぜ,tham may,ทำไม
2,たずねる言葉,いつ,mɯ̂a ray,เมื่อไร
2,たずねる言葉,どのような（に）,yàaŋ ray,อย่างไร
2,たずねる言葉,どうですか,pen yàaŋ ray,เป็นอย่างไร
2,たずねる言葉,どうしよう,tham yàaŋ ray,ทำอย่างไร
2,たずねる言葉,いくら,thâw ray,เท่าไร
2,たずねる言葉,いくつ（年齢をきく）,ʔaa yúʔ thâw ray,อายุเท่าไร
3,数える言葉,1,nɯ̀ŋ,หนึ่ง
3,数える言葉,2,sɔ̌ɔŋ,สอง
3,数える言葉,3,sǎam,สาม
3,数える言葉,4,sìi,สี่
3,数える言葉,5,hâa,ห้า
3,数える言葉,6,hòk,หก
3,数える言葉,7,cèt,เจ็ด
3,数える言葉,8,pɛ̀ɛt,แปด
3,数える言葉,9,kâaw,เก้า
3,数える言葉,10,sìp,สิบ
3,数える言葉,11,sìp ʔèt,สิบเอ็ด
3,数える言葉,12,sìp sɔ̌ɔŋ,สิบสอง
3,数える言葉,13,sìp sǎam,สิบสาม
3,数える言葉,14,sìp sìi,สิบสี่
3,数える言葉,15,sìp hâa,สิบห้า
3,数える言葉,16,sìp hòk,สิบหก
3,数える言葉,17,sìp cèt,สิบเจ็ด
3,数える言葉,18,sìp pɛ̀ɛt,สิบแปด
3,数える言葉,19,sìp kâaw,สิบเก้า
3,数える言葉,20,yîi sìp,ยี่สิบ
3,数える言葉,21,yîi sìp ʔèt,ยี่สิบเอ็ด
4,大きな数を数える,30,sǎam sìp,สามสิบ
4,大きな数を数える,40,sìi sìp,สี่สิบ
4,大きな数を数える,50,hâa sìp,ห้าสิบ
4,大きな数を数える,60,hòk sìp,หกสิบ
4,大きな数を数える,70,cèt sìp,เจ็ดสิบ
4,大きな数を数える,80,pɛ̀ɛt sìp,แปดสิบ
4,大きな数を数える,90,kâaw sìp,เก้าสิบ
4,大きな数を数える,100,rɔ́ɔy,ร้อย
4,大きな数を数える,千,phan,พัน
4,大きな数を数える,万,mɯ̀ɯn,หมื่น
4,大きな数を数える,十万,sɛ̌ɛn,แสน
4,大きな数を数える,百万,láan,ล้าน
4,大きな数を数える,千万,sìp láan,สิบล้าน
4,大きな数を数える,億,rɔ́ɔy láan,ร้อยล้าน
4,大きな数を数える,兆,láan láan,ล้านล้าน
4,大きな数を数える,ゼロ,sǔun,ศูนย์
4,大きな数を数える,99,kâaw sìp kâaw,เก้าสิบเก้า
4,大きな数を数える,101,rɔ́ɔy nɯ̀ŋ,ร้อยหนึ่ง
4,大きな数を数える,1001,phan nɯ̀ŋ,พันหนึ่ง
4,大きな数を数える,1989,nɯ̀ŋ phan kâaw rɔ́ɔy kâaw sìp kâaw,หนึ่งพันเก้าร้อยเก้าสิบเก้า
4,大きな数を数える,2532,sɔ̌ɔŋ phan hâa rɔ́ɔy sǎam sìp sɔ̌ɔŋ,สองพันห้าร้อยสามสิบสอง
5,その他の数の数え方,数,lêek,เลข
5,その他の数の数え方,2・3の〜,sɔ̌ɔŋ sǎam ~,สองสาม~
5,その他の数の数え方,第一の〜・一番目の〜,~ thîi nɯ̀ŋ,~ที่หนึ่ง
5,その他の数の数え方,2番目の〜,~ thîi sɔ̌ɔŋ,~ที่สอง
5,その他の数の数え方,何番目の〜,~ thîi thâw ray,~ที่เท่าไร
5,その他の数の数え方,いくつの〜,kìi ~,กี่~
5,その他の数の数え方,何個,kìi ʔan,กี่อัน
5,その他の数の数え方,それぞれの〜,tɛ̀ɛ láʔ ~,แต่ละ~
5,その他の数の数え方,すべての〜,thúk ~,ทุก~
5,その他の数の数え方,〜万以上,mɯ̀ɯn kwàa,หมื่นกว่า
5,その他の数の数え方,数え切れない,náp mây thûan,นับไม่ถ้วน
5,その他の数の数え方,だいたい,pra maan,ประมาณ
5,その他の数の数え方,3分の1（分数）,sèet nɯ̀ŋ sùan sǎam,เศษหนึ่งส่วนสาม
5,その他の数の数え方,12.39（小数）,sìp sɔ̌ɔŋ cùt sǎam kâaw,สิบสองจุดสามเก้า
5,その他の数の数え方,半分,khrɯ̂ŋ,ครึ่ง
5,その他の数の数え方,〜倍,~ thâw,~เท่า
5,その他の数の数え方,足す,bùak,บวก
5,その他の数の数え方,引く,lóp,ลบ
5,その他の数の数え方,かける,khuun,คูณ
5,その他の数の数え方,割る,hǎan,หาร
5,その他の数の数え方,イコール〜,thâw kàp ~,เท่ากับ~
6,ー日の時間を表す,未明,cháaw mɯ̂ɯt,เช้ามืด
6,ー日の時間を表す,明け方,cháaw trùu,เช้าตรู่
6,ー日の時間を表す,朝（早く）,cháaw,เช้า
6,ー日の時間を表す,午前中,tɔɔn cháaw,ตอนเช้า
6,ー日の時間を表す,朝（遅く）,tɔɔn sǎay,ตอนสาย
6,ー日の時間を表す,正午,thîaŋ wan,เที่ยงวัน
6,ー日の時間を表す,午後,tɔɔn bàay,ตอนบ่าย
6,ー日の時間を表す,昼（間）,klaaŋ wan,กลางวัน
6,ー日の時間を表す,夕方から晩にかけて,tɔɔn yen,ตอนเย็น
6,ー日の時間を表す,夜間・夜中,klaaŋ khɯɯn,กลางคืน
6,ー日の時間を表す,深夜,dɯ̀k,ดึก
6,ー日の時間を表す,一日,nɯ̀ŋ wan,หนึ่งวัน
6,ー日の時間を表す,一日中,tà lɔ̀ɔt tháŋ wan,ตลอดทั้งวัน
6,ー日の時間を表す,半日,khrɯ̂ŋ wan,ครึ่งวัน
6,ー日の時間を表す,時間・時刻,wee laa,เวลา
6,ー日の時間を表す,時間,chûa mooŋ,ชั่วโมง
6,ー日の時間を表す,何時間,kìi chûa mooŋ,กี่ชั่วโมง
6,ー日の時間を表す,〜時,~ mooŋ,~โมง
6,ー日の時間を表す,何時（たずねる時）,kìi mooŋ,กี่โมง
6,ー日の時間を表す,分,naa thii,นาที
6,ー日の時間を表す,秒,wíʔ naa thii,วินาที
7,時刻の言い方,午前1時,tii nîi,ตีหนี่ง
7,時刻の言い方,午前2時,tii sɔ̌ɔŋ,ตีสอง
7,時刻の言い方,午前5時,tii hâa,ตีห้า
7,時刻の言い方,午前6時,hòk mooŋ cháaw,หกโมงเช้า
7,時刻の言い方,午前7時,cèt mooŋ cháaw,เจ็ดโมงเช้า
7,時刻の言い方,午前8時,pɛ̀ɛt mooŋ cháaw,แปดโมงเช้า
7,時刻の言い方,午前11時,sìp ʔèt mooŋ cháaw,สิบเอ็ดโมงเช้า
7,時刻の言い方,正午,thîaŋ,เที่ยง
7,時刻の言い方,午後1時,bàay mooŋ,บ่ายโมง
7,時刻の言い方,午後2時,bàay sɔ̌ɔŋ mooŋ,บ่ายสองโมง
7,時刻の言い方,午後3時,bàay sǎam mooŋ,บ่ายสามโมง
7,時刻の言い方,午後4時,sìi mooŋ yen,สี่โมงเย็น
7,時刻の言い方,午後6時,hòk mooŋ yen,หกโมงเย็น
7,時刻の言い方,午後7時,thûm,ทุ่ม
7,時刻の言い方,午後8時,sɔ̌ɔŋ thûm,สองทุ่ม
7,時刻の言い方,午後9時,sǎam thûm,สามทุ่ม
7,時刻の言い方,午後10時,sìi thûm,สี่ทุ่ม
7,時刻の言い方,午後11時,hâa thûm,ห้าทุ่ม
7,時刻の言い方,午前0時,thîaŋ khɯɯn,เที่ยงคืน
7,時刻の言い方,午前9時,kâaw naa lí kaa,เก้านาฬิกา
7,時刻の言い方,午後9時,yîi sìp ʔèt naa lí kaa,ยี่สิบเอ็ดนาฬิกา
8,時を表すことば,今,wee laa níi,เวลานี้
8,時を表すことば,現在,pàt cùʔ ban níi,ปัจจุบันนี้
8,時を表すことば,すぐに,than thii,ทันที
8,時を表すことば,今すぐに,dǐaw níi,เดี๋ยวนี้
8,時を表すことば,ふだんは・普通（の）,tham má daa,ธรรมดา
8,時を表すことば,まず・先に,kɔ̀ɔn,ก่อน
8,時を表すことば,さっき,mɯ̂a kîi níi,เมื่อกี้นี้
8,時を表すことば,この前,mɯ̂a kɔ̀ɔn níi,เมื่อก่อนนี้
8,時を表すことば,あとで（時間）・後日,wan lǎŋ,วันหลัง
8,時を表すことば,あとで（順番）・今後,thii lǎŋ,ทีหลัง
8,時を表すことば,これから・今後,tɔ̀ɔ pay níi,ต่อไปนี้
8,時を表すことば,次（の〜）,~ tɔ̀ɔ pay,(~)ต่อไป
8,時を表すことば,ふたたび,ʔìik / mày,อีก/ใหม่
8,時を表すことば,時々,baaŋ thii,บางที
8,時を表すことば,たびたび,bɔ̀ɔy,บ่อย(ๆ)
8,時を表すことば,いつも,sa mə̌ə,เสมอ
8,時を表すことば,突然,ka than hǎn,กะทันหัน
8,時を表すことば,このごろ・最近,mùu níi,หมู่นี้
8,時を表すことば,現代・近代,sa mǎy níi,สมัยนี้
8,時を表すことば,昔,sa mǎy kɔ̀ɔn,สมัยก่อน
8,時を表すことば,将来,nay ʔà naa khót,ในอนาคต
9,日付と曜日と週,日,wan,วัน
9,日付と曜日と週,日付,wan thîi,วันที่
9,日付と曜日と週,ついたち,wan thîi nɯ̀ŋ,วันที่หนึ่ง
9,日付と曜日と週,ふつか,wan thîi sɔ̌ɔŋ,วันที่สอง
9,日付と曜日と週,何日（日付）,wan thîi thâw ray,วันที่เท่าไร
9,日付と曜日と週,一日（期間）,nɯ̀ŋ wan,หนึ่งวัน
9,日付と曜日と週,二日（期間）,sɔ̌ɔŋ wan,สองวัน
9,日付と曜日と週,一両日,wan sɔ̌ɔŋ wan,วันสองวัน
9,日付と曜日と週,三・四日,sǎam sìi wan,สามสี่วัน
9,日付と曜日と週,何日間,kìi wan,กี่วัน
9,日付と曜日と週,日曜日,wan ʔaa thít,วันอาทิตย์
9,日付と曜日と週,月曜日,wan can,วันจันทร์
9,日付と曜日と週,火曜日,wan ʔaŋ khaan,วันอังคาร
9,日付と曜日と週,水曜日,wan phút,วันพุธ
9,日付と曜日と週,木曜日,wan phá rɯ́ hàt,วันพฤหัส
9,日付と曜日と週,金曜日,wan sùk,วันศุกร์
9,日付と曜日と週,土曜日,wan sǎw,วันเสาร์
9,日付と曜日と週,何曜日,wan ʔà ray,วันอะไร
9,日付と曜日と週,月水金,can phút sùk,จันทร์พุธศุกร์
9,日付と曜日と週,元旦,wan khɯ̂n pii mày,วันขึ้นปีใหม่
9,日付と曜日と週,週,ʔaa thít,อาทิตย์
10,月の名前,月,dɯan,เดือน
10,月の名前,一月,dɯan mók kà raa khom,เดือนมกราคม
10,月の名前,二月,dɯan kum phaa phan,เดือนกุมภาพันธ์
10,月の名前,三月,dɯan mii naa khom,เดือนมีนาคม
10,月の名前,四月,dɯan mee sǎa yon,เดือนเมษายน
10,月の名前,五月,dɯan phrɯ́t sa phaa khom,เดือนพฤษภาคม
10,月の名前,六月,dɯan míʔ thùʔ naa yon,เดือนมิถุนายน
10,月の名前,七月,dɯan kà rá kà daa khom,เดือนกรกฎาคม
10,月の名前,八月,dɯan sǐŋ hǎa khom,เดือนสิงหาคม
10,月の名前,九月,dɯan kan yaa yon,เดือนกันยายน
10,月の名前,十月,dɯan tùʔ laa khom,เดือนตุลาคม
10,月の名前,十一月,dɯan phrɯ́t sa cìʔ kaa yon,เดือนพฤศจิกายน
10,月の名前,十二月,dɯan than waa khom,เดือนธันวาคม
10,月の名前,何月,dɯan ʔà ray,เดือนอะไร
10,月の名前,一か月,nɯ̀ŋ dɯan,หนึ่งเดือน
10,月の名前,二か月,sɔ̌ɔŋ dɯan,สองเดือน
10,月の名前,何か月,kìi dɯan,กี่เดือน
10,月の名前,初旬,tôn duan,ต้นเดือน
10,月の名前,中旬,klaaŋ dɯan,กลางเดือน
10,月の名前,下旬,plaay duan,ปลายเดือน
10,月の名前,月末,sîn dɯan,สิ้นเดือน
11,今日・先週・来月,きょう,wan níi,วันนี้
11,今日・先週・来月,あした,phrûŋ níi,พรุ่งนี้
11,今日・先週・来月,あさって,máʔ rɯɯn níi,มะรืนนี้
11,今日・先週・来月,しあさって,máʔ rɯ̂aŋ níi,มะเรื่องนี้
11,今日・先週・来月,きのう,mɯ̂a waan níi,เมื่อวานนี้
11,今日・先週・来月,おととい,mɯ̂a waan sɯɯn níi,เมื่อวานซืนนี้
11,今日・先週・来月,翌日,wan rûŋ khɯ̂n,วันรุ่งขึ้น
11,今日・先週・来月,毎日,thúk wan,ทุกวัน
11,今日・先週・来月,休日・祝日,wan yùt,วันหยุด
11,今日・先週・来月,今週,ʔaa thít níi,อาทิตย์นี้
11,今日・先週・来月,来週,ʔaa thít nâa,อาทิตย์หน้า
11,今日・先週・来月,先週,ʔaa thít thîi lɛ́ɛw,อาทิตย์ที่แล้ว
11,今日・先週・来月,毎週,thúk ʔaa thít,ทุกอาทิตย์
11,今日・先週・来月,2週間,sɔ̌ɔŋ ʔaa thít,สองอาทิตย์
11,今日・先週・来月,何週間,kìi ʔaa thít,กี่อาทิตย์
11,今日・先週・来月,週末,sùt sàp daa,สุดสัปดาห์
11,今日・先週・来月,ゴールデン・ウィーク,sàp daa thɔɔŋ,สัปดาห์ทอง
11,今日・先週・来月,今月,dɯan níi,เดือนนี้
11,今日・先週・来月,来月,dɯan nâa,เดือนหน้า
11,今日・先週・来月,先月,dɯan thîi lɛ́ɛw,เดือนที่แล้ว
11,今日・先週・来月,毎月,thúk dɯan,ทุกเดือน
12,年と季節,年・~才,pii,ปี
12,年と季節,今年,pii níi,ปีนี้
12,年と季節,来年,pii nâa,ปีหน้า
12,年と季節,去年,pii thîi lɛ́ɛw,ปีที่แล้ว
12,年と季節,一年の初めごろ,tôn pii,ต้นปี
12,年と季節,一年の中ごろ,klaaŋ pii,กลางปี
12,年と季節,一年の終わりごろ,plaay pii,ปลายปี
12,年と季節,年末,sîn pii,สิ้นปี
12,年と季節,一年,nɯ̀ŋ pii,หนึ่งปี
12,年と季節,毎年,thúk pii,ทุกปี
12,年と季節,何年,kìi pii,กี่ปี
12,年と季節,西暦,khɔɔ sɔ̌ɔ,ค.ศ.
12,年と季節,仏曆,phɔɔ sɔ̌ɔ,พ.ศ.
12,年と季節,季節,rɯ́ʔ duu,ฤดู
12,年と季節,春,rɯ́ʔ duu bay máay phlìʔ,ฤดูใบไม้ผลิ
12,年と季節,秋,rɯ́ʔ duu bay máay rûaŋ,ฤดูใบไม้ร่วง
12,年と季節,夏（暑季）,nâa rɔ́ɔn,หน้าร้อน
12,年と季節,雨季,nâa fǒn,หน้าฝน
12,年と季節,冬（寒季）,nâa nǎaw,หน้าหนาว
12,年と季節,カレンダー,pà tìʔ thin,ปฏิทิน
12,年と季節,生年月日,wan dɯan pii kə̀ət,วันเดือนปีเกิด
13,位置と方向を知る,ここ,thîi nîi,ที่นี่
13,位置と方向を知る,そこ,thîi nân,ที่นั่น
13,位置と方向を知る,あそこ・向こうの方,thîi nôon,ที่โน่น
13,位置と方向を知る,上・階上,khâaŋ bon,ข้างบน
13,位置と方向を知る,下・階下,khâaŋ lâaŋ,ข้างล่าง
13,位置と方向を知る,下・真下,khâaŋ tây,ข้างใต้
13,位置と方向を知る,横・そば,khâŋ khâŋ,ข้างๆ
13,位置と方向を知る,前・表,khâaŋ nâa,ข้างหน้า
13,位置と方向を知る,後ろ・裏,khâaŋ lǎŋ,ข้างหลัง
13,位置と方向を知る,中,khâaŋ nay,ข้างใน
13,位置と方向を知る,外,khâaŋ nɔ̂ɔk,ข้างนอก
13,位置と方向を知る,右側,khâaŋ khwǎa,ข้างขวา
13,位置と方向を知る,左側,khâaŋ sáay,ข้างซ้าย
13,位置と方向を知る,東,ta wan ʔɔ̀ɔk,ตะวันออก
13,位置と方向を知る,西,ta wan tòk,ตะวันตก
13,位置と方向を知る,南,tâay,ใต้
13,位置と方向を知る,北,nɯ̌a,เหนือ
13,位置と方向を知る,まん中,klaaŋ,กลาง
13,位置と方向を知る,近い,klây,ใกล้
13,位置と方向を知る,遠い,klay,ไกล
13,位置と方向を知る,間,ráʔ wàaŋ,ระหว่าง
14,家族と呼び方,家族,khrɔ̂ɔp khrua,ครอบครัว
14,家族と呼び方,お父さん,khun phɔ̂ɔ,คุณพ่อ
14,家族と呼び方,お母さん,khun mɛ̂ɛ,คุณแม่
14,家族と呼び方,夫・ご主人,sǎa mii,สามี
14,家族と呼び方,妻・奥さん,phan rá yaa,ภรรยา
14,家族と呼び方,息子,lûuk chaay,ลูกชาย
14,家族と呼び方,娘,lûuk nɔ́ɔŋ,ลูกน้อง
14,家族と呼び方,おじいさん（父方）,khun pùu,คุณปู่
14,家族と呼び方,おじいさん（母方）,khun taa,คุณตา
14,家族と呼び方,おばあさん（父方）,khun yâa,คุณย่า
14,家族と呼び方,おばあさん（母方）,khun yaay,คุณยาย
14,家族と呼び方,孫・おい・めい,lǎan,หลาน
14,家族と呼び方,兄姉,phîi,พี่
14,家族と呼び方,弟妹,nɔ́ɔŋ,น้อง
14,家族と呼び方,兄,phîi chaay,พี่ชาย
14,家族と呼び方,姉,phîi sǎaw,พี่สาว
14,家族と呼び方,弟,nɔ́ɔŋ chaay,น้องชาย
14,家族と呼び方,妹,nɔ́ɔŋ sǎaw,น้องสาว
14,家族と呼び方,兄弟・姉妹,phîi nɔ́ɔŋ,พี่น้อง
14,家族と呼び方,両親,phɔ̂ɔ mɛ̂ɛ,พ่อแม่
14,家族と呼び方,自分,tua ʔeeŋ,ตัวเอง
15,親戚と呼び方,親戚,yâat,ญาติ
15,親戚と呼び方,夫の父親,phɔ̂ɔ sǎa mii,พ่อสามี
15,親戚と呼び方,夫の母親,mɛ̂ɛ sǎa mii,แม่สามี
15,親戚と呼び方,嫁,lûuk sàʔ pháy,ลูกสะใภ้
15,親戚と呼び方,婿,lúk khə̌əy,ลุกเขย
15,親戚と呼び方,妻の父親,phɔ̂ɔ taa,พ่อตา
15,親戚と呼び方,妻の母親,mɛ̂ɛ yaay,แม่ยาย
15,親戚と呼び方,叔父（母の弟）,khun náa chaay,คุณน้าชาย
15,親戚と呼び方,叔母（母の妹）,khun náa sǎaw,คุณน้าสาว
15,親戚と呼び方,叔父（父の弟）,khun ʔaa chaay,คุณอาชาย
15,親戚と呼び方,叔母（父の妹）,khun ʔaa yǐŋ,คุณอาหญิง
15,親戚と呼び方,伯父（父母の兄）,khun luŋ,คุณลุง
15,親戚と呼び方,伯母（父母の姉）,khun pâa,คุณป้า
15,親戚と呼び方,従兄弟,lûuk phîi lûuk nɔ́ɔŋ,ลูกพี่ลูกน้อง
15,親戚と呼び方,兄嫁,phîi sàʔ pháy,พี่สะใภ้
15,親戚と呼び方,義兄,phîi khə̌əy,พี่เขย
15,親戚と呼び方,姉妹の夫,nɔ́ɔŋ khə̌əy,น้องเขย
15,親戚と呼び方,弟の妻,nɔ́ɔŋ sàʔ pháy,น้องสะใภ้
15,親戚と呼び方,双子,fǎa fɛ̀ɛt,ฝาแฝด
15,親戚と呼び方,恋人,fɛɛn,แฟน
15,親戚と呼び方,新郎新婦,câw bàaw sǎaw,เจ้าบ่าวสาว
16,周囲の人々,Mr.,naay,นาย
16,周囲の人々,Mrs.,naaŋ,นาง
16,周囲の人々,Miss,naaŋ sǎaw,นางสาว
16,周囲の人々,坊や・お嬢さん・私,nǔu,หนู
16,周囲の人々,友達,phɯ̂an,เพื่อน
16,周囲の人々,先輩,rûn phîi,รุ่นพี่
16,周囲の人々,後輩,rûn nɔ́ɔŋ,รุ่นน้อง
16,周囲の人々,同僚,rûn diaw kan,รุ่นเดียวกัน
16,周囲の人々,他人,khon ʔɯ̀ɯn,คนอื่น
16,周囲の人々,子供,dèk,เด็ก
16,周囲の人々,大人・目上の人,phûu nây,ผู้ใหณ่
16,周囲の人々,先生,ʔaa caan,อาจารย์
16,周囲の人々,老人,khon kɛ̀ɛ,คนแก่
16,周囲の人々,若者,way rûn,วัยรุ่น
16,周囲の人々,未婚の若い女性,sǎaw,สาว
16,周囲の人々,婚約者,khûu mân,คู่หมั้น
16,周囲の人々,隣家・近所の人,khon khâaŋ bâan,คนข้างบ้าน
16,周囲の人々,上司,hǔa nâa,หัวหน้า
16,周囲の人々,赤ちゃん,dèk thaa rók,เด็กทารก
16,周囲の人々,男・男性,phûu chaay,ผู้ชาย
16,周囲の人々,女・女性,phûu yǐŋ,ผู้หญิง
17,一日の生活,目がさめる,tɯ̀ɯn nɔɔn,ตื่นนอน
17,一日の生活,起きる,lúk khɯ̂n,ลุกขึ้น
17,一日の生活,水を浴びる,ʔàap náam,อาบน้ำ
17,一日の生活,顔を洗う,láaŋ nâa,ล้างหน้า
17,一日の生活,歯を磨く,prɛɛŋ fan,แปรงฟัน
17,一日の生活,食事を作る,tham ʔaa hǎan,ทำอาหาร
17,一日の生活,ご飯を食べる,thaan khâaw,ทานข้าว
17,一日の生活,水を飲む,thaan náam,ทานน้ำ
17,一日の生活,新聞を読む,ʔàan nǎŋ sɯ̌ɯ,อ่านหนังสือ
17,一日の生活,トイレに入る,khâw hɔ̂ɔŋ náam,เข้าห้องน้ำ
17,一日の生活,化粧する,tɛ̀ŋ nâa,แต่งหน้า
17,一日の生活,出勤する,pay tham ŋaan,ไปทำงาน
17,一日の生活,車に乗る,khɯ̂n rót,ขึ้นรถ
17,一日の生活,車から降りる,loŋ rót,ลงรถ
17,一日の生活,働く,tham ŋaan,ทำงาน
17,一日の生活,忙しい,yûŋ,ยุ่ง
17,一日の生活,休む,phák,พัก
17,一日の生活,買い物をする,sɯ́ɯ khɔ̌ɔŋ,ซื้อของ
17,一日の生活,帰宅する,klàp bâan,กลับบ้าน
17,一日の生活,寝る,nɔɔn,นอน
17,一日の生活,夢を見る,fǎn,ฝัน
18,いつもの動作,する・作る,tham,ทำ
18,いつもの動作,立つ,yɯɯn,ยืน
18,いつもの動作,座る,náŋ,นั้ง
18,いつもの動作,来る,maa,มา
18,いつもの動作,行く,pay,ไป
18,いつもの動作,入って来る,khâw maa,เข้ามา
18,いつもの動作,出て来る,ʔɔ̀ɔk maa,ออกมา
18,いつもの動作,入って行く,khâw pay,เข้าไป
18,いつもの動作,出て行く,ʔɔ̀ɔk pay,ออกไป
18,いつもの動作,見る,duu,ดู
18,いつもの動作,見える・見かける,hěn,เห็น
18,いつもの動作,聞く,faŋ,ฟัง
18,いつもの動作,聞こえる,dây yin,ได้ยิน
18,いつもの動作,会う,cəə,เจอ
18,いつもの動作,話す,phûut,พูด
18,いつもの動作,読む,ʔàan,อ่าน
18,いつもの動作,食べる,thaan,ทาน
18,いつもの動作,飲む,dɯɯm,ดืม
18,いつもの動作,遊ぶ,lên,เล่น
18,いつもの動作,待つ,rɔɔ,รอ
18,いつもの動作,持っている・ある,mii,มี
19,手足の動作,つかむ・さわる,càp,จับ
19,手足の動作,押す,phlàk,ผลัก
19,手足の動作,引く,dɯŋ,ดึง
19,手足の動作,捨てる,thíŋ,ทิ้ง
19,手足の動作,破る,chìik,ฉีก
19,手足の動作,投げる,khwâaŋ,ขว้าง
19,手足の動作,受ける,ráp,รับ
19,手足の動作,抱く,kɔ̀ɔt,กอด
19,手足の動作,持ち上げる,yók,ยก
19,手足の動作,つまむ・拾う,yìp,หยิบ
19,手足の動作,指す,chíi,ชี้
19,手足の動作,叩く,khɔ́ʔ,เคาะ
19,手足の動作,押さえる,kòt,กด
19,手足の動作,蹴る,tèʔ,เตะ
19,手足の動作,倒れる,lóm,ล้ม
19,手足の動作,踏む,yìap,เหยียบ
19,手足の動作,書く,khǐan,เขียน
19,手足の動作,歩く,dəən,เดิน
19,手足の動作,走る,wîŋ,วิ่ง
19,手足の動作,運ぶ,khǒn,ขน
19,手足の動作,置く,waaŋ,วาง
20,頭を働かせる,考える,khít,คิด
20,頭を働かせる,覚えている,cam,จำ
20,頭を働かせる,記憶、記憶力,khwaam soŋ cam,ความทรงจำ
20,頭を働かせる,忘れる,lɯɯm,ลืม
20,頭を働かせる,残念に思う,sǐa cay,เสียใจ
20,頭を働かせる,悩む,klûm cay,กลุ้มใจ
20,頭を働かせる,反省する,sǎm nɯ́k phìt,สำนึกผิด
20,頭を働かせる,想像する,daw,เดา
20,頭を働かせる,関心を持つ,sǒn cay,สนใจ
20,頭を働かせる,検討する,phíʔ caa rá naa,พิจารณา
20,頭を働かせる,説明する,ʔà thíʔ baay,อธิบาย
20,頭を働かせる,気をつかう,ʔaw cay sày,เอาใจใส่
20,頭を働かせる,ぼんやりする,cay lɔɔy,ใจลอย
20,頭を働かせる,理解する,khâw cay,เข้าใจ
20,頭を働かせる,誤解する,khâw cay phìt,เข้าใจผิด
20,頭を働かせる,信じる,chɯ̂a,เชื่อ
20,頭を働かせる,相談する,prɯ̀k sǎa,ปรึกษา
20,頭を働かせる,決める、決心する,tàt sǐn cay,ตัดสินใจ
20,頭を働かせる,疑う,sǒŋ sǎy,สงสัย
20,頭を働かせる,信頼する,wáy cay,ไว้ใจ
21,教室で,勉強する,rian,เรียน
21,教室で,学校,rooŋ rian,โรงเรียน
21,教室で,教室,hɔ̂ɔŋ rian,ห้องเรียน
21,教室で,出席をとる,khǎan chɯ̂ɯ,ขานชื่อ
21,教室で,授業を欠席する,khàat rian,ขาดเรียน
21,教室で,遅刻する,maa sǎay,มาสาย
21,教室で,授業をさぼる,dòot rian,โดดเรียน
21,教室で,授業が終わる,lə̂ək rian,เลิกเรียน
21,教室で,教える,sɔ̌ɔn,สอน
21,教室で,問う・たずねる,thǎam,ถาม
21,教室で,質問,kham thǎam,คำถาม
21,教室で,答える,tɔ̀ɔp,ตอบ
21,教室で,答え,kham tɔ̀ɔp,คำตอบ
21,教室で,難しい,yâak,ยาก
21,教室で,やさしい,ŋâay,ง่าย
21,教室で,暗唱する,thɔ̂ŋ,ท่อง
21,教室で,一生懸命勉強する,tâŋ cay rian,ตั้งใจเรียน
21,教室で,家などで勉強する,duu naŋ sɯ̌ɯ,ดูหนังสือ
21,教室で,書き写す,khát,คัด
21,教室で,テスト（をする）,sɔ̀ɔp,สอบ
21,教室で,練習問題,bɛ̀ɛp fɯ̀k hàt,แบบฝึกหัด
22,学校について,入学する,khâw rian,เข้าเรียน
22,学校について,卒業する,rian còp,เรียนจบ
22,学校について,幼稚園,rooŋ rian ʔà núʔ baan,โรงเรียนอนุบาล
22,学校について,小学校,rooŋ rian pra thǒm sɯ̀k sǎa,โรงเรียนประถมศึกษา
22,学校について,中学校,rooŋ rian mát thá yom sɯ̀k sǎa tɔɔn tôn,โรงเรียนมัธยมศึกษาตอนต้น
22,学校について,高等学校,rooŋ rian mát thá yom sɯ̀k sǎa tɔɔn plaay,โรงเรียนมัธยมศึกษาตอนปลาย
22,学校について,校長先生,khruu yày,ครูใหญ่
22,学校について,生徒,nák rian,นักเรียน
22,学校について,学生,nák sɯ̀k sǎa,นักศึกษา
22,学校について,宿題,kaan,การบ็าน
22,学校について,復習する,thóp thuan,ทบทวน
22,学校について,試験に受かる,sɔ̀ɔp dâay,สอบได้
22,学校について,試験に落ちる,sɔ̌ɔy tòk,สอยตก
22,学校について,学年,chán rian,ชั้นเรียน
22,学校について,進級する,khɯ̂n chán,ขึ้นชั้น
22,学校について,留年する,sám chán,ซ้ำชั้น
22,学校について,寄宿舎・寮,hɔ̌ɔ phák,หอพัก
22,学校について,図書館,hɔ̌ɔ sa mùt,หอสมุด
22,学校について,休みになる,pìt thəəm,ปิดเทอม
22,学校について,（学習・業務）科,pha nɛ̀ɛk,แผนก
22,学校について,学部,khá náʔ,คณะ
23,大学で,文学部,khá náʔ ʔàk sɔ̌ɔn sàat,คณะอักษรศาสตร์
23,大学で,教育学部,khá ná khá rú sàat,คณะครุศาสตร์
23,大学で,人文学部,khá náʔ má nút sàat,คณะมนุษยศาสตร์
23,大学で,工学部,khá ná wít sà wá kam sàat,คณะวิศวกรรมศาสตร์
23,大学で,経済学部,khá ná sèet thà sàat,คณะเศรษฐศาสตร์
23,大学で,社会学部,khá ná sǎŋ khom sàat,คณะสังคมศาสตร์
23,大学で,政治学部,khá ná rát thà sàat,คณะรัฐศาสตร์
23,大学で,医学部,khá náʔ phɛ̂ɛt tháʔ yáʔ sàat,คณะแพทยศาสตร์
23,大学で,農学部,khá náʔ ka sèet tràʔ sàat,คณะเกษตรศาสตร์
23,大学で,法律学部,khá ná ní tì sàat,คณะนิติศาสตร์
23,大学で,理学部,khá ná wít thá yaa sàat,คณะวิทยาศาสตร์
23,大学で,タイ語学科,pha nɛ̀ɛk wí chaa phaa sǎa thay,แผนกวิชาภาษาไทย
23,大学で,生協,sa hà kɔɔn,สหกรณ์
23,大学で,チュラロンコン大学,cùʔ laa loŋ kɔɔn ma hǎa wít thá yaa lay,จุฬาลงกรณ์มหาวิทยาลัย
23,大学で,タマサート大学,ma hǎa wít thá yaa lay tham má sàat,มหาวิทยาลัยธรรมศาสตร์
23,大学で,大学,ma hǎa wít thá yaa lay,มหาวิทยาลัย
23,大学で,助教授,phûu chûay sàat sàʔ traa caan,ผู้ช่วยศาสตราจารย์
23,大学で,准教授,rɔɔŋ sàat sàʔ traa caan,รองศาสตราจารย์
23,大学で,教授,sàat sàʔ traa caan,ศาสตราจารย์
23,大学で,学部長,khá ná bɔɔ dii,คณบดี
23,大学で,学長,ʔà thíʔ kaan bà dii,อธิการบดี
24,タイ語を学ぶ,ことば・言語,phaa sǎa,ภาษา
24,タイ語を学ぶ,標準語,phaa sǎa klaaŋ,ภาษากลาง
24,タイ語を学ぶ,方言,phaa sǎa thɔ́ɔŋ thìn,ภาษาท้องถิ่น
24,タイ語を学ぶ,外国語,phaa sǎa tàŋ pra thêet,ภาษาต่างประเทศ
24,タイ語を学ぶ,タイ語,phaa sǎa thay,ภาษาไทย
24,タイ語を学ぶ,文字,taŋ nǎŋ sɯ̌ɯ,ตังหนังสือ
24,タイ語を学ぶ,正書法,ʔàk khà ràʔ wíʔ thii,อักขรวิธี
24,タイ語を学ぶ,母音,sa ràʔ,สระ
24,タイ語を学ぶ,子音,phá yan chá náʔ,พยัญชนะ
24,タイ語を学ぶ,発音する,ʔɔ̀ɔk sǐaŋ,ออกเสียง
24,タイ語を学ぶ,声調,wan ná yúk,วรรณยุกต์
24,タイ語を学ぶ,音節,phá yaaŋ,พยางค์
24,タイ語を学ぶ,単語,kham sàp,คำศัพท์
24,タイ語を学ぶ,辞典・辞書,phót ca naa núʔ krom,พจนานุกรม
24,タイ語を学ぶ,調べる,khón hǎa,ค้นหา
24,タイ語を学ぶ,文章,pra yòok,ประโยค
24,タイ語を学ぶ,文法,way yaa kɔɔn,ไวยากรณ์
24,タイ語を学ぶ,意味,khwaam mǎay,ความหมาย
24,タイ語を学ぶ,翻訳する,plɛɛ,แปล
24,タイ語を学ぶ,会話,sǒn thá naa,สนทนา
24,タイ語を学ぶ,王族用語,raa chaa sàp,ราชาศัพท์
25,教室にあるもの,机,tóʔ,โต๊ะ
25,教室にあるもの,いす,kâw ʔîi,เก้าอี้
25,教室にあるもの,ひきだし,lín chák,ลิ้นชัก
25,教室にあるもの,黒板,kra daan dam,กระดานดำ
25,教室にあるもの,チョーク,chɔ́ɔk,ชอล์ก
25,教室にあるもの,カバン・ポケット,kra pǎw,กระเป๋า
25,教室にあるもの,筆入れ,klɔ̀ɔŋ din sɔ̌ɔ,กล่องดินสอ
25,教室にあるもの,鉛筆,din sɔ̌ɔ,ดินสอ
25,教室にあるもの,万年筆,pàak kaa mɯ̀k sɯm,ปากกาหมึกซึม
25,教室にあるもの,インク,mɯ̀k,หมึก
25,教室にあるもの,ボールペン,pàak kaa lûuk lɯ̂ɯn,ปากกาลูกลื่น
25,教室にあるもの,シャープペンシル,pàak kaa din sɔ̌ɔ,ปากกาดินสอ
25,教室にあるもの,消しゴム,yaaŋ lóp,ยางลบ
25,教室にあるもの,定規,máay ban thát,ไม้บรรทัด
25,教室にあるもの,はさみ,kan kray,กรรไกร
25,教室にあるもの,のり,kaaw,กาว
25,教室にあるもの,ナイフ,mîit,มีด
25,教室にあるもの,ノート,sa mùt nóot,สมุดโน้ต
25,教室にあるもの,教科書,nǎŋ sɯ̌ɯ rian,หนังสือเรียน
25,教室にあるもの,時間割,taa raaŋ sɔ̌ɔn,ตารางสอน
25,教室にあるもの,紙,kra dàat,กระดาษ
26,一生の出来事,生まれる,kə̀ət,เกิด
26,一生の出来事,誕生日,wan kə̀ət,วันเกิด
26,一生の出来事,育つ・成長する,tə̀əp too,เติบโต
26,一生の出来事,老いる,kɛ̀ɛ loŋ,แก่ลง
26,一生の出来事,死ぬ・亡くなる,taay sǐa,ตาย(เสีย)
26,一生の出来事,結婚する,tɛ̀ŋ ŋaan,แต่งงาน
26,一生の出来事,結婚式,ŋaan tɛ̀ŋ ŋaan,งานแต่งงาน
26,一生の出来事,独身（の）,sòot,โสด
26,一生の出来事,機会,ʔoo kàat,โอกาส
26,一生の出来事,離婚する,yàa,หย่า
26,一生の出来事,子供を生む,khlɔ̂ɔt lûuk,คลอดลูก
26,一生の出来事,貧しい,con,จน
26,一生の出来事,金持ちの,ruay,รวย
26,一生の出来事,苦労する,lam bàak,ลำบาก
26,一生の出来事,泣く,rɔ́ɔŋ hây,ร้องไห้
26,一生の出来事,問題,pan hǎa,ปัญหา
26,一生の出来事,口げんかをする,tháʔ lɔ́ʔ,ทะเลาะ
26,一生の出来事,快適な,sa baay,สบาย
26,一生の出来事,笑う,hǔa rɔ́ʔ,หัวเราะ
26,一生の出来事,安定した,mân khoŋ,มั่นคง
26,一生の出来事,幸せだ,mii khwaam sùk,มีความสุข
27,身体の部分を表す言葉(1) 顔,身体,râaŋ kaay,ร่างกาย
27,身体の部分を表す言葉(1) 顔,皮膚・肌,phǐw nǎŋ,ผิวหนัง
27,身体の部分を表す言葉(1) 顔,額,hǔa,หัว
27,身体の部分を表す言葉(1) 顔,脳,sa mɔ̌ɔŋ,สมอง
27,身体の部分を表す言葉(1) 顔,髪,phǒm,ผม
27,身体の部分を表す言葉(1) 顔,顔,nâa,หน้า
27,身体の部分を表す言葉(1) 顔,額・おでこ,nâa phàak,หน้าผาก
27,身体の部分を表す言葉(1) 顔,眉毛,khíw,คิ้ว
27,身体の部分を表す言葉(1) 顔,目,taa,ตา
27,身体の部分を表す言葉(1) 顔,まつげ,khǒn taa,ขนตา
27,身体の部分を表す言葉(1) 顔,鼻,cà mùuk,จมูก
27,身体の部分を表す言葉(1) 顔,耳,hǔu,หู
27,身体の部分を表す言葉(1) 顔,口,pàak,ปาก
27,身体の部分を表す言葉(1) 顔,舌,lín,ลิ้น
27,身体の部分を表す言葉(1) 顔,歯,fan,ฟัน
27,身体の部分を表す言葉(1) 顔,くちびる,rim fǐi pàak,ริมฝีปาก
27,身体の部分を表す言葉(1) 顔,口ひげ,nùat,หนวด
27,身体の部分を表す言葉(1) 顔,ほおひげ・あごひげ,kraw,เครา
27,身体の部分を表す言葉(1) 顔,もみあげ,cɔɔn,จอน
27,身体の部分を表す言葉(1) 顔,あご,khaaŋ,คาง
27,身体の部分を表す言葉(1) 顔,首・のど,khɔɔ,คอ
28,身体の部分を表す言葉(2) 上半身,肩,lày,ไหล่
28,身体の部分を表す言葉(2) 上半身,胸,ʔòk,อก
28,身体の部分を表す言葉(2) 上半身,腕,khɛ̌ɛn,แขน
28,身体の部分を表す言葉(2) 上半身,ひじ,sɔ̀ɔk,ศอก
28,身体の部分を表す言葉(2) 上半身,手,mɯɯ,มือ
28,身体の部分を表す言葉(2) 上半身,手首,khɔ̂ɔ mɯɯ,ข้อมือ
28,身体の部分を表す言葉(2) 上半身,掌,fàa mɯɯ,ฝ่ามือ
28,身体の部分を表す言葉(2) 上半身,手の甲,lǎŋ mɯɯ,หลังมือ
28,身体の部分を表す言葉(2) 上半身,こぶし,kam mɯɯ,กำมือ
28,身体の部分を表す言葉(2) 上半身,指,níw,นิ้ว
28,身体の部分を表す言葉(2) 上半身,爪,lép,เล็บ
28,身体の部分を表す言葉(2) 上半身,背中,lǎŋ,หลัง
28,身体の部分を表す言葉(2) 上半身,骨,kra dùuk,กระดูก
28,身体の部分を表す言葉(2) 上半身,中骨,kra dùuk sǎn lǎŋ,กระดูกสันหลัง
28,身体の部分を表す言葉(2) 上半身,腹・お腹,thɔ́ɔŋ,ท้อง
28,身体の部分を表す言葉(2) 上半身,腰・ウエスト,ʔeew,เอว
28,身体の部分を表す言葉(2) 上半身,心臓,hǔa cay,หัวใจ
28,身体の部分を表す言葉(2) 上半身,肺,pɔ̀ɔt,ปอด
28,身体の部分を表す言葉(2) 上半身,胃,kra phɔ́ʔ ʔaa hǎan,กระเพาะอาหาร
28,身体の部分を表す言葉(2) 上半身,血,lɯ̂at,เลือด
28,身体の部分を表す言葉(2) 上半身,血管,sên lɯ̂at,เส้นเลือด
29,身体の部分を表す言葉(3) 下半身,おしり・ヒップ,sàʔ phôok,สะโพก
29,身体の部分を表す言葉(3) 下半身,脚,khǎa,ขา
29,身体の部分を表す言葉(3) 下半身,もも,khǎa ʔɔ̀ɔn,ขาอ่อน
29,身体の部分を表す言葉(3) 下半身,ひざ,hǔa khàw,หัวเข่า
29,身体の部分を表す言葉(3) 下半身,すね,nâa khɛ̂ɛŋ,หน้าแข้ง
29,身体の部分を表す言葉(3) 下半身,ふくらはぎ,nɔ̂ɔŋ,น่อง
29,身体の部分を表す言葉(3) 下半身,足首,khɔ̂ɔ tháaw,ข้อเท้า
29,身体の部分を表す言葉(3) 下半身,足,tháaw,เท้า
29,身体の部分を表す言葉(3) 下半身,くるぶし,taa tùm,ตาตุ่ม
29,身体の部分を表す言葉(3) 下半身,かかと,sôn tháaw,ส้นเท้า
29,身体の部分を表す言葉(3) 下半身,足の裏,fàa tháaw,ฝ่าเท้า
29,身体の部分を表す言葉(3) 下半身,足の甲,lǎŋ tháaw,หลังเท้า
29,身体の部分を表す言葉(3) 下半身,つま先,plaay tháaw,ปลายเท้า
29,身体の部分を表す言葉(3) 下半身,おへそ,sàʔ dɯɯ,สะดือ
29,身体の部分を表す言葉(3) 下半身,腸,lam sây,ลำไส้
29,身体の部分を表す言葉(3) 下半身,肝臓・レバー,tàp,ตับ
29,身体の部分を表す言葉(3) 下半身,腎臓,tay,ไต
29,身体の部分を表す言葉(3) 下半身,筋肉,klâam nɯ́a,กล้ามเนื้อ
29,身体の部分を表す言葉(3) 下半身,足が長い,khǎa yaaw,ขายาว
29,身体の部分を表す言葉(3) 下半身,足が短い,khǎa sân,ขาสั้น
29,身体の部分を表す言葉(3) 下半身,ハイヒール,rɔɔŋ tháaw sôn sǔuŋ,รองเท้าส้นสูง
30,全身の表情,皮（皮膚）がむける,phǐw nǎŋ thà lɔ̀ɔk,ผิวหนังถลอก
30,全身の表情,頭がよい,sa mɔ̌ɔŋ dii,สมองดี
30,全身の表情,眉をひそめる,khà mùat khíw,ขมวดคิ้ว
30,全身の表情,口をあける,ʔâa pàak,อ้าปาก
30,全身の表情,目を開く,lɯɯm taa,ลืมตา
30,全身の表情,目をつぶる,làp taa,หลับตา
30,全身の表情,瞬きをする,ka phríp taa,กะพริบตา
30,全身の表情,顔立ち・容貌,nâa taa,หน้าตา
30,全身の表情,鼻をかむ,sàŋ nám mûuk,สั่งน้ำมูก
30,全身の表情,うなずく,phá yák nâa,พยักหน้า
30,全身の表情,髪型,soŋ phǒm,ทรงผม
30,全身の表情,髪を分ける,sɛ̀ɛk phǒm,แสกผม
30,全身の表情,虫歯（になる）,fan phùʔ,ฟันผุ
30,全身の表情,背を曲げる・猫背,lǎŋ ŋɔɔ,หลังงอ
30,全身の表情,神経,sên pra sàat,เส้นประสาท
30,全身の表情,神経がやられる,pra sàat sǐa,ประสาทเสีย
30,全身の表情,腕前,fǐi mɯɯ,ฝีมือ
30,全身の表情,骨が折れる,kra dùuk hàk,กระดูกหัก
30,全身の表情,ウエストが長い（足が短い）,ʔeew yaaw,เอวยาว
30,全身の表情,ふくらはぎが大きい（大根足）,nɔ̂ɔŋ yày,น่องใหญ่
30,全身の表情,出べそ,sà dɯɯ cùn,สะดือจุ่น
31,生理現象,ひげをたくわえる,wáy nùat,ไว้หนวด
31,生理現象,そばかす,fâa,ฝ้า
31,生理現象,ほくろ,fǎy,ไฝ
31,生理現象,にきび,sǐw,สิว
31,生理現象,涙,nám taa,น้ำตา
31,生理現象,汗,ŋɯ̀a,เหงื่อ
31,生理現象,汗をかく,ŋɯ̀a ʔɔ̀ɔk,เหงื่อออก
31,生理現象,つば,nám laay,น้ำลาย
31,生理現象,つばをのみこむ,klɯɯn náam laay,กลืนน้ำลาย
31,生理現象,（のどが）痛む,cèp khɔɔ,เจ็บคอ
31,生理現象,小便・オシッコ（をする）,chìi,ฉี่
31,生理現象,大便・ウンチ（をする）,ʔɯ̀ʔ,อึ
31,生理現象,オシッコをがまんする,ʔân chìi,อั้นฉี่
31,生理現象,オナラ（をする）,tòt,ตด
31,生理現象,鼻水,nám mûuk,น้ำมูก
31,生理現象,鼻毛,khǒn cà mùuk,ขนจมูก
31,生理現象,せき（をする）,ʔay,ไอ
31,生理現象,くしゃみ（をする）,caam,จาม
31,生理現象,あくび（をする）,hǎaw,หาว
31,生理現象,げっぷ（をする）,rəə,เรอ
31,生理現象,息（をする）,hǎay cay,หายใจ
32,健康なからだ,体格・からだつき,rûup râaŋ,รูปร่าง
32,健康なからだ,健康だ・元気だ,sùk khà phâap dii,สุขภาพดี
32,健康なからだ,丈夫な,khɛ̌ŋ rɛɛŋ,แข็งแรง
32,健康なからだ,弱い,ʔɔ̀ɔn ʔɛɛ,อ่อนแอ
32,健康なからだ,白髪・髪の白い,phǒm ŋɔ̀ɔk,ผมหงอก
32,健康なからだ,はげ頭・頭のはげた,hǔa láan,หัวล้าน
32,健康なからだ,お腹の出た,phuŋ yày,พุงใหญ่
32,健康なからだ,背の高い,tua sǔuŋ,ตัวสูง
32,健康なからだ,背が低い,tua tîa,ตัวเตี้ย
32,健康なからだ,太っている・太い,ʔûan,อ้วน
32,健康なからだ,痩せている・細い,phɔ̌ɔm,ผอม
32,健康なからだ,脂肪,khǎy man,ไขมัน
32,健康なからだ,でんぷん,pɛ̂ɛŋ,แป้ง
32,健康なからだ,タンパク質,proo tiin,โปรตีน
32,健康なからだ,血が出る,lɯ̂at ʔɔ̀ɔk,เลือดออก
32,健康なからだ,身体障害者,khon phíʔ kaan,คนพิการ
32,健康なからだ,顔色,sǐi nâa,สีหน้า
32,健康なからだ,（顔が）青白い,nâa sîit,หน้าซีด
32,健康なからだ,疲れる・疲れた,nɯ̀ay,เหนื่อย
32,健康なからだ,一重まぶた,taa chán diaw,ตาชั้นเดียว
32,健康なからだ,二重まぶた,taa sɔ̌ɔŋ chán,ตาสองชั้น
33,かたちをいうことば,かたち,rûup,รูป
33,かたちをいうことば,大きい,yày,ใหญ่
33,かたちをいうことば,小さい,lék,เล็ก
33,かたちをいうことば,多い,mâak,มาก
33,かたちをいうことば,少ない,nɔ́ɔy,น้อย
33,かたちをいうことば,長い,yaaw,ยาว
33,かたちをいうことば,短い,sân,สั้น
33,かたちをいうことば,高い,sǔuŋ,สูง
33,かたちをいうことば,低い,tîa,เตี้ย
33,かたちをいうことば,厚い,nǎa,หนา
33,かたちをいうことば,薄い,baaŋ,บาง
33,かたちをいうことば,狭い,khɛ̂ɛp,แคบ
33,かたちをいうことば,広い,kwâaŋ,กว้าง
33,かたちをいうことば,重い,nàk,หนัก
33,かたちをいうことば,軽い,baw,เบา
33,かたちをいうことば,丸い,klom,กลม
33,かたちをいうことば,三角だ,sǎam lìam,สามเหลี่ยม
33,かたちをいうことば,四角い,sìi lìam,สี่เหลี่ยม
33,かたちをいうことば,鋭い・とがった,lɛ̌ɛm,แหลม
33,かたちをいうことば,こまかい,láʔ ʔìat,ละเอียด
33,かたちをいうことば,粗い,yàap,หยาบ
34,状態をいうことば,良い,dii,ดี
34,状態をいうことば,悪い,mây dii,ไม่ดี
34,状態をいうことば,強い・力,rɛɛŋ,แรง
34,状態をいうことば,硬い,khɛ̌ŋ,แข็ง
34,状態をいうことば,弱い・柔らかい・色が薄い,ʔɔ̀ɔn,อ่อน
34,状態をいうことば,危険な,ʔan tà raay,อันตราย
34,状態をいうことば,正常な・通常は,pòk kà tìʔ,ปกติ
34,状態をいうことば,変だ・おかしい,plɛ̀ɛk,แปลก
34,状態をいうことば,新しい,mày,ใหม่
34,状態をいうことば,古い,kàw,เก่า
34,状態をいうことば,同じだ,mɯ̌an,เหมือน
34,状態をいうことば,違う・異なる,mây mɯ̌an,ไม่เหมือน
34,状態をいうことば,複雑な,sáp sɔ́ɔn,ซับซ้อน
34,状態をいうことば,混乱した,sàp sǒn,สับสน
34,状態をいうことば,深い,lɯ́k,ลึก
34,状態をいうことば,浅い,tɯ̂ɯn,ตื้น
34,状態をいうことば,美しい・きれいな,sǔay,สวย
34,状態をいうことば,かわいい・愛すべき,nâa rák,น่ารัก
34,状態をいうことば,みっともない,nâa klìat,น่าเกลียด
34,状態をいうことば,清潔だ,sàʔ ʔàat,สะอาด
34,状態をいうことば,汚い,sòk kà pròk,สกปรก
35,今日の天気 ,天候・天気,ʔaa kàat,อากาศ
35,今日の天気 ,陽光・日差し,dɛ̀ɛt,แดด
35,今日の天気 ,雲,mêek,เมฆ
35,今日の天気 ,風,lom,ลม
35,今日の天気 ,雨,fǒn,ฝน
35,今日の天気 ,雪,hìʔ máʔ,หิมะ
35,今日の天気 ,台風,tây fùn,ไต้ฝุ่น
35,今日の天気 ,霧,mɔ̀ɔk,หมอก
35,今日の天気 ,ひょう,lûuk hèp,ลูกเห็บ
35,今日の天気 ,雷が鳴る,fáa rɔ́ɔŋ,ฟ้าร้อง
35,今日の天気 ,稲光がする,fáa lɛ̂ɛp,ฟ้าแลบ
35,今日の天気 ,天気予報,phá yaa kɔɔn ʔaa kàat,พยากรณ์อากาศ
35,今日の天気 ,気温・温度,ʔun hà phuum,อุณหภูมิ
35,今日の天気 ,あたたかい・あたためる,ʔùn,อุ่น
35,今日の天気 ,暑い・熱い,rɔ́ɔn,ร้อน
35,今日の天気 ,涼しい・冷たい,yen,เย็น
35,今日の天気 ,寒い,nǎaw,หนาว
35,今日の天気 ,すがすがしい,sòt chɯ̂ɯn,สดชื่น
35,今日の天気 ,むし暑い,ʔòp ʔâaw,อบอ้าว
35,今日の天気 ,洪水になる,nám thûam,น้ำท่วม
35,今日の天気 ,地震,phɛ̀n din wǎy,แผ่นดินไหว
36,地理をいうことば,地理・地理学,phuu míʔ sàat,ภูมิศาสตร์
36,地理をいうことば,地図,phɛ̌ɛn thîi,แผนที่
36,地理をいうことば,山,phuu khǎw,ภูเขา
36,地理をいうことば,山脈,thɯ̂ak khǎw,เทือกเขา
36,地理をいうことば,火山,phuu khǎw fay,ภูเขาไฟ
36,地理をいうことば,川,mɛ̂ɛ náam,แม่น้ำ
36,地理をいうことば,海,thá lee,ทะเล
36,地理をいうことば,海岸,chaay tháʔ lee,ชายทะเล
36,地理をいうことば,湾,ʔàaw,อ่าว
36,地理をいうことば,波,khlɯ̂ɯn,คลื่น
36,地理をいうことば,半島,lɛ̌ɛm khâap sa mùt,แหลม คาบสมุทร
36,地理をいうことば,島,kɔ̀ʔ,เกาะ
36,地理をいうことば,大陸,thá wîip,ทวีป
36,地理をいうことば,湖,tháʔ lee sàap,ทะเลสาบ
36,地理をいうことば,砂漠,thá lee saay,ทะเลทราย
36,地理をいうことば,滝,nám tòk,น้ำตก
36,地理をいうことば,田,naa,นา
36,地理をいうことば,畑,rây,ไร่
36,地理をいうことば,森・林,pàa,ป่า
36,地理をいうことば,野原,thûŋ,ทุ่ง
36,地理をいうことば,温泉,nám phúʔ rɔ́ɔn,น้ำพุร้อน
37,動物を飼う,ペット、家畜,sàt líaŋ,สัตว์เลี้ยง
37,動物を飼う,餌をやる,hây ʔaa hǎan,ให้อาหาร
37,動物を飼う,猫,mɛɛw,แมว
37,動物を飼う,犬,mǎa,หมา
37,動物を飼う,ネズミ,nǔu,หนู
37,動物を飼う,牛,wua,วัว
37,動物を飼う,水牛,khwaay,ควาย
37,動物を飼う,豚,mǔu,หมู
37,動物を飼う,馬,máa,ม้า
37,動物を飼う,羊,kɛ̀ʔ,แกะ
37,動物を飼う,山羊,phɛ́ʔ,แพะ
37,動物を飼う,ウサギ,kra tàay,กระต่าย
37,動物を飼う,猿,liŋ,ลิง
37,動物を飼う,象,cháaŋ,ช้าง
37,動物を飼う,ニワトリ,kày,ไก่
37,動物を飼う,アヒル,pèt,เป็ด
37,動物を飼う,鳥,nók,นก
37,動物を飼う,スズメ,nók kra cɔ̀ɔk,นกกระจอก
37,動物を飼う,熊,mǐi,หมี
37,動物を飼う,パンダ,phɛɛn dâa,แพนด้า
37,動物を飼う,動物園,sǔan sàt,สวนสัตว์
38,動物と虫,虫,ma lɛɛŋ,แมลง
38,動物と虫,蝶,phǐi sɯ̂a,ผีเสื้อ
38,動物と虫,蜜蜂,phɯ̂ŋ,ผึ้ง
38,動物と虫,ハエ,ma lɛɛŋ wan,แมลงวัน
38,動物と虫,蚊,yuŋ,ยุง
38,動物と虫,ゴキブリ,ma lɛɛŋ sàap,แมลงสาบ
38,動物と虫,アリ,mót,มด
38,動物と虫,セミ,cák càn,จั๊กจั่น
38,動物と虫,トンボ,mɛɛŋ pɔɔ,แมงปอ
38,動物と虫,クモ,mɛɛŋ mum,แมงมุม
38,動物と虫,ムカデ,tàʔ khàap,ตะขาบ
38,動物と虫,ノミ,màt,หมัด
38,動物と虫,タガメ,mɛɛŋ daa,แมงดา
38,動物と虫,サソリ,mɛɛŋ pɔ̀ɔŋ,แมงป่อง
38,動物と虫,クラゲ,mɛɛŋ ka phrun,แมงกะพรุน
38,動物と虫,ヤモリ,cîŋ còk,จิ้งจก
38,動物と虫,カエル,kòp,กบ
38,動物と虫,蛇,ŋuu,งู
38,動物と虫,コブラ,ŋuu hàw,งูเห่า
38,動物と虫,ワニ,cɔɔ ráʔ khêe,จระเข้
38,動物と虫,ワニ園,sǔan cɔɔ ráʔ khêe,สวนจระเข้
39,植物を育てる,植物,phɯ̂ɯt,พืช
39,植物を育てる,稲・米・ごはん・食事,khâaw,ข้าว
39,植物を育てる,麦,khâaw sǎa lii,ข้าวสาลี
39,植物を育てる,草,yâa,หญ้า
39,植物を育てる,樹木,tôn máay,ต้นไม้
39,植物を育てる,松,tôn sǒn,ต้นสน
39,植物を育てる,やしの木,tôn máʔ phráaw,ต้นมะพร้าว
39,植物を育てる,幸福の木,tôn wâat sa nǎa,ต้นวาสนา
39,植物を育てる,蓮,bua,บัว
39,植物を育てる,竹,máay phày,ไม้ไผ่
39,植物を育てる,枝,kìŋ máay,กิ่งไม้
39,植物を育てる,花,dɔ̀ɔk máay,ดอกไม้
39,植物を育てる,桜,dɔ̀ɔk saa kùʔ ráʔ,ดอกซากุระ
39,植物を育てる,実,lûuk máy,ลูกไม้
39,植物を育てる,根,râak,ราก
39,植物を育てる,葉,bay máay,ใบไม้
39,植物を育てる,植える,plùuk,ปลูก
39,植物を育てる,種,má lét,เมล็ด
39,植物を育てる,種をまく,wàan má lét,หว่านเมล็ด
39,植物を育てる,咲く,baan,บาน
39,植物を育てる,とげ,nǎam,หนาม
40,住まいと建物,住所,thîi yùu,ที่อยู่
40,住まいと建物,家,bâan,บ้าน
40,住まいと建物,アパート・マンション,ʔa phâat mén,อพาร์ตเมนต์
40,住まいと建物,ビル,tɯ̀k,ตึก
40,住まいと建物,スラム,sa lam,สลัม
40,住まいと建物,家をさがす,hǎa bâan,หาบ้าน
40,住まいと建物,部屋を借りる,châw hɔ̂ɔŋ,เช่าห้อง
40,住まいと建物,家主・大家さん,câw khɔ̌ɔŋ bâan,เจ้าของบ้าน
40,住まいと建物,家賃,khâa châw bâan,ค่าเช่าบ้าน
40,住まいと建物,建てる・建設する,sâaŋ,สร้าง
40,住まいと建物,住む,ʔaa sǎy yùu,อาศัยอยู่
40,住まいと建物,平屋,bâan chán diaw,บ้านชั้นเดียว
40,住まいと建物,二階建て,bâan sɔ̌ɔŋ chán,บ้านสองชั้น
40,住まいと建物,屋根,lǎŋ khaa,หลังคา
40,住まいと建物,垣根,rúa,รั้ว
40,住まいと建物,門・ドア・戸,pra tuu,ประตู
40,住まいと建物,柱,sǎw,เสา
40,住まいと建物,ベランダ,ráʔ biaŋ,ระเบียง
40,住まいと建物,構造,khrooŋ sâaŋ,โครงสร้าง
40,住まいと建物,煉瓦,ʔìt,อิฐ
40,住まいと建物,庭,sǔan,สวน
41,家の中,部屋,hɔ̂ɔŋ,ห้อง
41,家の中,書斎,hɔ̂ɔŋ nǎŋ sɯ̌ɯ,ห้องหนังสือ
41,家の中,応接室,hɔ̂ɔŋ ráp khɛ̀ɛk,ห้องรับแขก
41,家の中,居間,hɔ̂ɔŋ nâŋ lên,ห้องนั่งเล่น
41,家の中,台所,hɔ̂ɔŋ khrua,ห้องครัว
41,家の中,寝室,hɔ̂ɔŋ nɔɔn,ห้องนอน
41,家の中,仏間,hɔ̂ɔŋ phráʔ,ห้องพระ
41,家の中,トイレ,hɔ̂ɔŋ náam,ห้องน้ำ
41,家の中,浴室,hɔ̂ɔŋ ʔàap náam,ห้องอาบน้ำ
41,家の中,物置部屋,hɔ̂ɔŋ kèp khɔ̌ɔŋ,ห้องเก็บของ
41,家の中,１階,chán thîi nîi,ชั้นที่หนี่ง
41,家の中,２階,chán thîi sɔ̌ɔŋ,ชั้นที่สอง
41,家の中,郵便受け,tûu còt mǎay,ตู้จดหมาย
41,家の中,窓,nâa tàaŋ,หน้าต่าง
41,家の中,天井,phee daan,เพดาน
41,家の中,床,phɯ́ɯn,พื้น
41,家の中,壁,fǎa hɔ̂ɔŋ,ฝาห้อง
41,家の中,階段,kra day,กระได
41,家の中,裏口,pra tuu lǎŋ,ประตูหลัง
41,家の中,ガラス,kra còk,กระจก
41,家の中,カーテン,mâan,ม่าน
42,室内を整理する,家具,fəə níʔ cəə,เฟอร์นิเจอร์
42,室内を整理する,ベッド,tiaŋ,เตียง
42,室内を整理する,マットレス・敷布団,thîi nɔɔn,ที่นอน
42,室内を整理する,シーツ,phâa puu thîi nɔɔn,ผ้าปูที่นอน
42,室内を整理する,毛布・掛け布団,phâa hòm,ผ้าห่ม
42,室内を整理する,枕,mɔ̌ɔn,หมอน
42,室内を整理する,じゅうたん,phrom,พรม
42,室内を整理する,棚・タンス,tûu,ตู้
42,室内を整理する,洋服だんす,tûu sɯ̂a phâa,ตู้เสื้อผ้า
42,室内を整理する,本棚,tûu nǎŋ sɯ̌ɯ,ตู้หนังสือ
42,室内を整理する,食器棚,tûu wáy caan,ตู้ไว้จาน
42,室内を整理する,ソファー,soo faa,โซฟา
42,室内を整理する,食卓,tóʔ ʔaa hǎan,โต๊ะอาหาร
42,室内を整理する,花瓶,cɛɛ kan,แจกัน
42,室内を整理する,目覚まし時計,naa lí kaa plùk,นาฬิกาปลุก
42,室内を整理する,灰皿,thîi khìa bùʔ rìi,ที่เขี่ยบุหรี่
42,室内を整理する,ござ,sɯ̀a,เสื่อ
42,室内を整理する,散らかっている,rók,รก
42,室内を整理する,かたづける・しまう,kèp khɔ̌ɔŋ,เก็บของ
42,室内を整理する,ほこり,fùn,ฝุ่น
42,室内を整理する,仏壇,hîŋ phráʔ,หิ้งพระ
43,家の仕事,主婦,mɛ̂ɛ bâan,แม่บ้าน
43,家の仕事,掃除,tham khwaam sàʔ ʔàat,ทำความสะอาด
43,家の仕事,掃く,kwàat,กวาด
43,家の仕事,磨く,khàt,ขัด
43,家の仕事,拭く,chét,เช็ด
43,家の仕事,床などを拭く・こする,thǔu,ถู
43,家の仕事,皿洗いをする,láaŋ caan,ล้างจาน
43,家の仕事,洗濯する,sák phâa,ซักผ้า
43,家の仕事,粉石鹸,phǒŋ sák fɔ̂ɔk,ผงซักฟอก
43,家の仕事,洗濯物を干す,tàak phâa,ตากผ้า
43,家の仕事,ハンガー,máay khwɛ̌ɛn sɯ̂a,ไม้แขวนเสื้อ
43,家の仕事,懐中電灯,fay chǎay,ไฟฉาย
43,家の仕事,鍵,kun cɛɛ,กุญแจ
43,家の仕事,ハンコ,traa,ตรา
43,家の仕事,修理する,sɔ̂ɔm,ซ่อม
43,家の仕事,かなづち,khɔ́ɔn,ค้อน
43,家の仕事,釘,tàʔ puu,ตะปู
43,家の仕事,のこぎり,lɯ̂ay,เลื่อย
43,家の仕事,ドライバー,khǎy khuaŋ,ไขควง
43,家の仕事,引っ越しする,yáay bâan,ย้ายบ้าน
43,家の仕事,雑巾,phâa khîi ríw,ผ้าขี้ริ้ว
44,家庭の電気製品,電気・あかり,fay fáa,ไฟฟ้า
44,家庭の電気製品,洗濯機,khrɯ̂aŋ sák phâa,เครื่องซักผ้า
44,家庭の電気製品,電気がま,mɔ̂ɔ hǔŋ khâaw,หม้อหุงข้าว
44,家庭の電気製品,扇風機,phót lom,พ้ดลม
44,家庭の電気製品,エアコン,ʔɛɛ,แอร์
44,家庭の電気製品,ラジオ,wít thá yúʔ,วิทยุ
44,家庭の電気製品,テレビ,thoo rá thát,โทรทัศน์
44,家庭の電気製品,ドライヤー,khrɯ̂aŋ pàw phǒm,เครื่องเป่าผม
44,家庭の電気製品,電気スタンド,fay tâŋ tóʔ,ไฟตั้งโต๊ะ
44,家庭の電気製品,電気掃除機,khrɯ̂aŋ dùut fùn,เครื่องดูดฝุ่น
44,家庭の電気製品,冷蔵庫,tûu yen,ตู้เย็น
44,家庭の電気製品,電子レンジ,taw ʔòp may khroo wép,เตาอบไมโครเวฟ
44,家庭の電気製品,テープレコーダー,khrɯ̂aŋ ʔàt sǐaŋ,เครื่องอัดเสียง
44,家庭の電気製品,ビデオ,wii dii ʔoo,วีดีโอ
44,家庭の電気製品,ウォークマン,wɔ̂ɔk mɛɛn,วอล์กแมน
44,家庭の電気製品,コンセント,plák,ปลั๊ก
44,家庭の電気製品,スイッチ,sa wít,สวิตช์
44,家庭の電気製品,乾電池,thàan,ถ่าน
44,家庭の電気製品,電球,lɔ̀ɔt fay,หลอดไฟ
44,家庭の電気製品,蛍光灯,lɔ̀ɔt fay nii ʔɔɔn,หลอดไฟนีออน
44,家庭の電気製品,電気代,khâa fay,ค่าไฟ
45,毎日の食事,おなかがすいた,hǐw khâaw,หิวข้าว
45,毎日の食事,のどがかわく,hǐw náam,หิวน้ำ
45,毎日の食事,おなかがいっぱいの,ʔìm,อิ่ม
45,毎日の食事,おいしい,ʔà rɔ̀ɔy,อร่อย
45,毎日の食事,まずい,mây ʔà rɔ̀ɔy,ไม่อร่อย
45,毎日の食事,おいしそうな,nâa kin,น่ากิน
45,毎日の食事,朝食,ʔaa hǎan cháaw,อาหารเช้า
45,毎日の食事,昼食,ʔaa hǎan klaaŋ wan,อาหารกลางวัน
45,毎日の食事,夕食,ʔaa hǎan yen,อาหารเย็น
45,毎日の食事,間食,ʔaa hǎan wâaŋ,อาหารว่าง
45,毎日の食事,おかず,kàp khâaw,กับข้าว
45,毎日の食事,腐る,nâw,เน่า
45,毎日の食事,くさい,měn,เหม็น
45,毎日の食事,かむ,khíaw,เคี้ยว
45,毎日の食事,飲み込む,klɯɯn,กลืน
45,毎日の食事,なめる,lia,เลีย
45,毎日の食事,口に含む,ʔom,อม
45,毎日の食事,パン,kha nǒm paŋ,ขนมปัง
45,毎日の食事,麺、線,sên,เส้น
45,毎日の食事,お菓子,kha nǒm,ขนม
45,毎日の食事,よそう,tàk,ตัก
46,台所にあるもの,食器,khrɯ̂aŋ thûay chaam,เครื่องถ้วยชาม
46,台所にあるもの,皿,caan,จาน
46,台所にあるもの,どんぶり・深い皿,chaam,ชาม
46,台所にあるもの,コップ,kɛ̂ɛw,แก้ว
46,台所にあるもの,カップ・湯呑茶碗,thûay,ถ้วย
46,台所にあるもの,スプーン,chɔ́ɔn,ช้อน
46,台所にあるもの,フォーク,sɔ̂ɔm,ส้อม
46,台所にあるもの,はし,tàʔ kìap,ตะเกียบ
46,台所にあるもの,ポット,kra tìk náam,กระติกน้ำ
46,台所にあるもの,なべ・釜,mɔ̂ɔ,หม้อ
46,台所にあるもの,盆,thàat,ถาด
46,台所にあるもの,トースター,khrɯ̂aŋ pîŋ khà nǒm paŋ,เครื่องปิ้งขนมปัง
46,台所にあるもの,包丁,mîit tham khrua,มีดทำครัว
46,台所にあるもの,まな板,khǐaŋ,เขียง
46,台所にあるもの,やかん,kaa náam,กาน้ำ
46,台所にあるもの,フライパン,kra tháʔ,กระทะ
46,台所にあるもの,ふきん,phâa chét caan,ผ้าเช็ดจาน
46,台所にあるもの,ようじ,máay cîm fan,ไม้จิ้มฟัน
46,台所にあるもの,ガスレンジ,taw kɛ́ɛt,เตาแก๊ส
46,台所にあるもの,臼,khrók,ครก
46,台所にあるもの,ゴミ箱,thǎŋ khà yàʔ,ถังขยะ
47,料理を作る,（油で）揚げる,thɔ̂ɔt,ทอด
47,料理を作る,あぶる・焼く,pîŋ,ปิ้ง
47,料理を作る,蒸す,nɯ̂ŋ,นึ่ง
47,料理を作る,ゆでる、煮る,tôm,ต้ม
47,料理を作る,炒める,phàt,ผัด
47,料理を作る,焼く,yâaŋ,ย่าง
47,料理を作る,あえる,yam,ยำ
47,料理を作る,切る,hàn,หั่น
47,料理を作る,油であげる,ciaw,เจียว
47,料理を作る,お湯を通す,lûak,ลวก
47,料理を作る,混ぜる,phà sǒm,ผสม
47,料理を作る,火のよく通った,sùk,สุก
47,料理を作る,生の,dìp,ดิบ
47,料理を作る,スープ（西洋風の）,súp,ซุป
47,料理を作る,汁（タイ風の）,kɛɛŋ,แกง
47,料理を作る,チャーハン,khâaw phàt,ข้าวผัด
47,料理を作る,かゆ,khâaw tôm,ข้าวต้ม
47,料理を作る,もち米,khâaw nǐaw,ข้าวเหนียว
47,料理を作る,バター,nəəy,เนย
47,料理を作る,ソーセージ,sây krɔ̀ɔk,ไส้กรอก
47,料理を作る,ネーム,nɛ̌ɛm,แหนม
48,料理の材料,おつかいに行く,pay càay kàp khâaw,ไปจ่ายกับข้าว
48,料理の材料,肉・牛肉,nɯ́a,เนื้อ
48,料理の材料,たまご,khày,ไข่
48,料理の材料,野菜,phàk,ผัก
48,料理の材料,パクチー,phàk chii,ผักชี
48,料理の材料,マナーオ（ライム）,máʔ naaw,มะนาว
48,料理の材料,たまねぎ,hǔa hɔ̌ɔm yày,หัวหอมใหญ่
48,料理の材料,にんじん,khɛɛ rɔ̀ɔt,แครอท
48,料理の材料,白菜,phàk kàat,ผักกาด
48,料理の材料,だいこん,hǔa chay tháaw,หัวไชเท้า
48,料理の材料,もやし,thùa ŋɔ̂ɔk,ถั่วงอก
48,料理の材料,とうふ,tâw hûu,เต้าหู้
48,料理の材料,かぼちゃ,fák thɔɔŋ,ฟักทอง
48,料理の材料,青菜,phàk bûŋ,ผักบุ้ง
48,料理の材料,キャベツ,ka làm plii,กะหล่ำปลี
48,料理の材料,カリフラワー,dɔ̀ɔk ka làm,ดอกกะหล่ำ
48,料理の材料,ねぎ,tôn hɔ̌ɔm,ต้นหอม
48,料理の材料,きゅうり,tɛɛŋ kwaa,แตงกวา
48,料理の材料,トマト,máʔ khɯ̌a thêet,มะเขือเทศ
48,料理の材料,なす,máʔ khɯ̌a,มะเขือ
48,料理の材料,たけのこ,nɔ̀ɔ máay,หน่อไม้
49,調味料と味,調味料,khrɯ̂aŋ pruŋ ʔaa hǎan,เครื่องปรุงอาหาร
49,調味料と味,塩,klɯa,เกลือ
49,調味料と味,砂糖,nám taan,น้ำตาล
49,調味料と味,醤油,nám plaa,น้ำปลา
49,調味料と味,とうがらし,phrík,พริก
49,調味料と味,酢,nám sôm sǎay chú,น้ำส้มสายชุ
49,調味料と味,こしょう,phrík thay,พริกไทย
49,調味料と味,味の素,phǒŋ chuu rót,ผงชูรส
49,調味料と味,にんにく,kra thiam,กระเทียม
49,調味料と味,しょうが,khǐŋ,ขิง
49,調味料と味,辛い,phèt,เผ็ด
49,調味料と味,塩辛い,khem,เค็ม
49,調味料と味,うすい,cɯ̀ɯt,จืด
49,調味料と味,すっぱい,prîaw,เปรี้ยว
49,調味料と味,甘い,wǎan,หวาน
49,調味料と味,苦い,khǒm,ขม
49,調味料と味,（味が）濃い,kɛ̀ɛ / càt,แก่/จัด
49,調味料と味,（汁などが）濃い,khôn,ข้น
49,調味料と味,香ばしい,hɔ̌ɔm,หอม
49,調味料と味,味,rót,รส
49,調味料と味,味をみる,chim,ชิม
50,身じたくをする,身じたくをする・着飾る,tɛ̀ŋ tua,แต่งตัว
50,身じたくをする,化粧品,khrɯ̂aŋ sǎm ʔaaŋ,เครื่องสำอาง
50,身じたくをする,鏡台,tóʔ khrɯ̂aŋ pɛ̂ɛŋ,โต๊ะเครื่องแป้ง
50,身じたくをする,おしろい,pɛ̂ɛŋ,แป้ง
50,身じたくをする,口紅を塗る,thaa pàak,ทาปาก
50,身じたくをする,口紅,líp sa tìk,ลิปสติก
50,身じたくをする,爪切り,thîi tàt lép,ที่ตัดเล็บ
50,身じたくをする,マニキュアを塗る,thaa lép,ทาเล็บ
50,身じたくをする,髪を洗う,sàʔ phǒm,สระผม
50,身じたくをする,シャンプー,yaa sàʔ phǒm,ยาสระผม
50,身じたくをする,ブローする,dray rá phǒm,ไดรผม
50,身じたくをする,紙を切る,tàt phǒm,ตัดผม
50,身じたくをする,パーマをかける,dàt phǒm,ดัดผม
50,身じたくをする,ひげそり,mîit koon nùat,มีดโกนหนวด
50,身じたくをする,くし、くしを入れる,wǐi,หวี
50,身じたくをする,髪にくしを入れる,wǐi phǒm,หวีผม
50,身じたくをする,ブラシ,prɛɛŋ,แปรง
50,身じたくをする,タオル,phâa chét tua,ผ้าเช็ดตัว
50,身じたくをする,せっけん,sa bùu,สบู่
50,身じたくをする,歯磨き粉,yaa sǐi fan,ยาสีฟัน
50,身じたくをする,歯ブラシ,prɛɛŋ sǐi fan,แปรงสีฟัน
51,服を着る,上着・シャツ・ブラウス,sɯ̂a,เสื้อ
51,服を着る,衣服,sɯ̂a phâa,เสื้อผ้า
51,服を着る,タイ式の服,chút thay,ชุดไทย
51,服を着る,ズボン,kaaŋ keeŋ,กางเกง
51,服を着る,スカート,kra prooŋ,กระโปรง
51,服を着る,上着,sɯ̂a nɔ̂ɔk,เสื้อนอก
51,服を着る,ワイシャツ,sɯ̂a chə́ət,เสื้อเชิ้ต
51,服を着る,チョッキ・ベスト,sɯ̂a kák,เสื้อกั๊ก
51,服を着る,スーツ,sùut,สูท
51,服を着る,寝巻,chút nɔɔn,ชุดนอน
51,服を着る,ジーパン,kaaŋ keeŋ yiin,กางเกงยีน
51,服を着る,水着,chút ʔàap náam,ชุดอาบน้ำ
51,服を着る,着る・はく,sày,ใส่
51,服を着る,脱ぐ,thɔ̀ɔt,ถอด
51,服を着る,地味な,rîap,เรียบ
51,服を着る,サイズ・大きさ,khà nàat,ขนาด
51,服を着る,ゆるい・ダブダブの,lǔam,หลวม
51,服を着る,きつい,kháp,คับ
51,服を着る,ぴったり合う,phɔɔ dii,พอดี
51,服を着る,のびる,yɯ̂ɯt,ยืด
51,服を着る,縮む,hòt,หด
52,下着とアクセサリー,靴下,thǔŋ tháaw,ถุงเท้า
52,下着とアクセサリー,ストッキング,thǔŋ nɔ̂ɔŋ,ถุงน่อง
52,下着とアクセサリー,下着（ランジェリーなど）,sɯ̂a chán nay,เสื้อชั้นใน
52,下着とアクセサリー,下着（パンツ）,kaaŋ keeŋ nay,กางเกงใน
52,下着とアクセサリー,ブラジャー,yók soŋ,ยกทรง
52,下着とアクセサリー,タンクトップ,sɯ̂a klâam,เสื้อกล้าม
52,下着とアクセサリー,ベルト,khěm khàt,เข็มขัด
52,下着とアクセサリー,（ベルトなどを）しめる,rát,รัด
52,下着とアクセサリー,帽子,mùak,หมวก
52,下着とアクセサリー,リボン,boo,โบว์
52,下着とアクセサリー,腕時計,naa lí kaa khɔ̂ɔ mɯɯ,นาฬิกาข้อมือ
52,下着とアクセサリー,ネクタイ,nék thay,เน็คไท
52,下着とアクセサリー,ネクタイピン,khěm klàt nék thay,เข็มกลัดเน็คไท
52,下着とアクセサリー,ネックレス,sɔ̂ɔy khɔɔ,สร้อยคอ
52,下着とアクセサリー,スカーフ,phâa phan khɔɔ,ผ้าพันคอ
52,下着とアクセサリー,指輪,wɛ̌ɛn,แหวน
52,下着とアクセサリー,イヤリング,tûm hǔu,ตุ้มหู
52,下着とアクセサリー,ブレスレット,kam lay,กำไล
52,下着とアクセサリー,宝石類,khrɯ̂aŋ phét phlɔɔy,เครื่องเพชรพลอย
52,下着とアクセサリー,ハンカチ,phâa chét nâa,ผ้าเช็ดหน้า
52,下着とアクセサリー,香水,nám hɔ̌ɔm,น้ำหอม
53,裁縫,縫う,yép,เย็บ
53,裁縫,裁縫する,yép phâa,เย็บผ้า
53,裁縫,針,khěm,เข็ม
53,裁縫,糸,dâay,ด้าย
53,裁縫,ミシン,càk yép phâa,จักรเย็บผ้า
53,裁縫,服を編む,thàk sɯ̂a,ถักเสื้อ
53,裁縫,アイロンをかける,rîit phâa,รีดผ้า
53,裁縫,ボタン,kra dum,กระดุม
53,裁縫,チャック,síp,ซิป
53,裁縫,裏地,sáp nay,ซับใน
53,裁縫,えり,pòk,ปก
53,裁縫,そで,khɛ̌ɛn,แขน
53,裁縫,半袖シャツ,sɯ̂a khɛ̌ɛn sân,เสื้อแขนสั้น
53,裁縫,長袖シャツ,sɯ̂a khɛ̌ɛn yaaw,เสื้อแขนยาว
53,裁縫,布地,phâa,ผ้า
53,裁縫,絹,phâa mǎy,ผ้าไหม
53,裁縫,綿,phâa fâay,ผ้าฝ้าย
53,裁縫,革,nǎŋ,หนัง
53,裁縫,模様・柄,laay,ลาย
53,裁縫,畳む,pháp,พับ
53,裁縫,シワになる,yáp,ยับ
54,彩り,色,sǐi,สี
54,彩り,濃い,khêm,เข้ม
54,彩り,明るい,sa wàaŋ,สว่าง
54,彩り,暗い,mɯ̂ɯt,มืด
54,彩り,派手だ,chùt chàat,ฉุดฉาด
54,彩り,品がある、礼儀正しい,sùʔ phâap,สุภาพ
54,彩り,きちんとした,rîap rɔ́ɔy,เรียบร้อย
54,彩り,白,sǐi khǎaw,สีขาว
54,彩り,黒,sǐi dam,สีดำ
54,彩り,赤,sǐi dɛɛŋ,สีแดง
54,彩り,黄色,sǐi lɯ̌aŋ,สีเหลือง
54,彩り,青,sǐi nám ŋən,สีน้ำเงิน
54,彩り,緑,sǐi khǐaw,สีเขียว
54,彩り,茶色,sǐi nám taan,สีน้ำตาล
54,彩り,紫,sǐi mûaŋ,สีม่วง
54,彩り,灰色,sǐi thaw,สีเทา
54,彩り,水色,sǐi fáa,สีฟ้า
54,彩り,オレンジ色,sǐi sôm,สีส้ม
54,彩り,ピンク,sǐi chom phuu,สีชมพู
54,彩り,銀色,sǐi ŋən,สีเงิน
54,彩り,金色,sǐi thɔɔŋ,สีทอง
55,街へ出ましょう,大通り,thà nǒn,ถนน
55,街へ出ましょう,路地・ソイ,sɔɔy,ซอย
55,街へ出ましょう,歩道,fút bàat,ฟุตบาท
55,街へ出ましょう,ひっそりとした,ŋîap,เงียบ
55,街へ出ましょう,広場,sa nǎam,สนาม
55,街へ出ましょう,踏切,thaaŋ rót fay,ทางรถไฟ
55,街へ出ましょう,交差点・四つ角,sìi yɛ̂ɛk,สี่แยก
55,街へ出ましょう,三叉路,sǎam yɛ̂ɛk,สามแยก
55,街へ出ましょう,信号機,sǎn yaan fay,สัญญาณไฟ
55,街へ出ましょう,赤信号,fay dɛɛŋ,ไฟแดง
55,街へ出ましょう,青信号,fay khǐaw,ไฟเขียว
55,街へ出ましょう,橋,sàʔ phaan,สะพาน
55,街へ出ましょう,歩道橋・陸橋,sàʔ phaan lɔɔy,สะพานลอย
55,街へ出ましょう,通りを渡る,khâam thà nǒn,ข้ามถนน
55,街へ出ましょう,横断歩道,thaaŋ máa laay,ทางม้าลาย
55,街へ出ましょう,曲がる,líaw,เลี้ยว
55,街へ出ましょう,交番,pɔ̂ɔm tam rùat,ป้อมตำรวจ
55,街へ出ましょう,電話ボックス,tûu thoo rá sàp sǎa thaa rá náʔ,ตู้โทรศัพท์สาธารณะ
55,街へ出ましょう,公園,sǔan sǎa thaa rá náʔ,สวนสาธารณะ
55,街へ出ましょう,公衆便所,sûam sǎa thaa rá náʔ,ส้วมสาธารณะ
55,街へ出ましょう,中央分離帯,kɔ̀ʔ thà nǒn,เกาะถนน
56,駅で使う言葉,駅,sa thǎa nii rót fay,สถานีรถไฟ
56,駅で使う言葉,汽車・電車,rót fay,รถไฟ
56,駅で使う言葉,列車,khà buan rót,ขบวนรถ
56,駅で使う言葉,特急,rót dùan phíʔ sèet,รถด่วนพิเศษ
56,駅で使う言葉,急行,rót dùan,รถด่วน
56,駅で使う言葉,鈍行,rót tham má daa,รถธรรมดา
56,駅で使う言葉,食堂車,rót sa biaŋ,รถเสบียง
56,駅で使う言葉,寝台車,rót nɔɔn,รถนอน
56,駅で使う言葉,冷房車,rót ʔɛɛ,รถแอร์
56,駅で使う言葉,切符,tǔa,ตั๋ว
56,駅で使う言葉,切符売り場,thîi khǎay tǔa,ที่ขายตั๋ว
56,駅で使う言葉,片道,khǎa diaw,ขาเดียว
56,駅で使う言葉,往復,pay klàp,ไปกลับ
56,駅で使う言葉,改札口,thîi tan wá cà tǔa,ที่ตัรวจตั๋ว
56,駅で使う言葉,時刻表,taa raaŋ rót fay,ตารางรถไฟ
56,駅で使う言葉,乗り換える,plìan rót,เปลี่ยนรถ
56,駅で使う言葉,待合室,hɔ̂ɔŋ phák phûu dooy sǎan,ห้องพักผู้โดยสาร
56,駅で使う言葉,プラットフォーム,chaan chaa laa,ชานชาลา
56,駅で使う言葉,出発する,ʔɔ̀ɔk,ออก
56,駅で使う言葉,到着する,thɯ̌ŋ,ถึง
57,乗り物を利用する,タクシー,thɛ́k sîi,แท็กซี่
57,乗り物を利用する,トゥクトゥク,túk túk,ตุ๊ก ๆ
57,乗り物を利用する,ソンテオ・乗合タクシー,rót sɔ̌ɔŋ thɛ̌ɛw,รถสองแถว
57,乗り物を利用する,乗用車,rót kěŋ,รถเก๋ง
57,乗り物を利用する,マイカー,rót sùan tua,รถส่วนตัว
57,乗り物を利用する,路線バス,rót mee,รถเมล์
57,乗り物を利用する,停留所,pâay rót mee,ป้ายรถเมล์
57,乗り物を利用する,次の停留所,pâay nâa,ป้ายหน้า
57,乗り物を利用する,終点,plaay thaaŋ,ปลายทาง
57,乗り物を利用する,長距離バス,rót,รถทัาร์
57,乗り物を利用する,トラック,rót ban thúk,รถบรรทุก
57,乗り物を利用する,自転車,rót càk kra yaan,รถจักรยาน
57,乗り物を利用する,オートバイ,mɔɔ təə say,มอเตอร์ไซค์
57,乗り物を利用する,船,rɯa,เรือ
57,乗り物を利用する,渡し船,rɯa khâam fâak,เรือข้ามฟาก
57,乗り物を利用する,フェリー,rɯa naam,เรือขนาม
57,乗り物を利用する,運転手,khan khàp,คันขับ
57,乗り物を利用する,乗客,phûu dooy sǎan,ผู้โดยสาร
57,乗り物を利用する,運賃,khâa dooy sǎan,ค่าโดยสาร
57,乗り物を利用する,小銭,sèet sa taaŋ,เศษสตางค์
57,乗り物を利用する,地下鉄,rót tây din,รถใต้ดิน
58,車で走る,車を運転する,khàp rót,ขับรถ
58,車で走る,制限速度,khwaam rew kam nòt,ความเร็วกำหนด
58,車で走る,渋滞する,rót tìt,รถติด
58,車で走る,駐車場,thîi cɔ̀ɔt rót,ที่จอดรถ
58,車で走る,左折する,líaw sáay,เลี้ยวซ้าย
58,車で走る,右折する,líaw khwǎa,เลี้ยวขวา
58,車で走る,一方通行,wan wee,วันเวย์
58,車で走る,幹線道路,thaaŋ lǔaŋ,ทางหลวง
58,車で走る,高速道路,thaaŋ dùaŋ,ทางด่วง
58,車で走る,交通警官,tam rùat cà raa cɔɔn,ตำรวจจราจร
58,車で走る,中古車,rót cháy lɛ́ɛw,รถใช้แล้ว
58,車で走る,交通事故,ʔùʔ bàt tìʔ hèet,อุบัติเหตุ
58,車で走る,車線,leen,เลน
58,車で走る,追い越す,sɛɛŋ,แซง
58,車で走る,排気ガス,ʔay sǐa,ไอเสีย
58,車で走る,ガソリンスタンド,pám nám man,ปั๊มน้ำมัน
58,車で走る,ガソリンを満タンにする,təəm tem,เติมเต็มถ
58,車で走る,故障,rót sǐa,รถเสีย
58,車で走る,修理工場,ʔùu sɔ̂ɔm,อู่ซ่อม
58,車で走る,免許証,bay khàp khìi,ใบขับขี่
58,車で走る,国際免許証,bay khàp khìi naa naa châat,ใบขับขี่นานาชาติ
59,空港で使うことば,空港,sa nǎam bin,สนามบิน
59,空港で使うことば,旅行する,dəən thaaŋ,เดินทาง
59,空港で使うことば,観光する,thɔ̂ŋ thîaw,ท่องเที่ยว
59,空港で使うことば,旅行者,nák thîi ʔoŋ thîaw,นักที่องเที่ยว
59,空港で使うことば,パスポート,phaa sɔ̌ɔ sɔ̌ɔ,พาสส์ปอร์ต
59,空港で使うことば,ビザ,wii sâa,วีซ่า
59,空港で使うことば,航空券・チケット,tǔa khrɯ̂aŋ bin,ตั๋วเครื่องบิน
59,空港で使うことば,航空会社,sǎay kaan bin,สายการบิน
59,空港で使うことば,便・フライト,thîaw bin,เที่ยวบิน
59,空港で使うことば,予約する,cɔɔŋ,จอง
59,空港で使うことば,キャンセルする,yók lə̂ək,ยกเลิก
59,空港で使うことば,空席,thîi nâŋ wâaŋ,ที่นั่งว่าง
59,空港で使うことば,満席,thîi nâŋ tem,ที่นั่งเต็ม
59,空港で使うことば,国際線,sǎay rá wàaŋ pra thêet,สายระหว่างประเทศ
59,空港で使うことば,国内線,sǎay phaay nay pra thêet,สายภายในประเทศ
59,空港で使うことば,旅行カバン,kra pǎw dəən thaaŋ,กระเป๋าเดินทาง
59,空港で使うことば,ツアー会社,bɔɔ rí sàt thua,บริษัททัวร์
59,空港で使うことば,免税品店,ráan plɔ̀ɔt phay,ร้านปลอดภัย
59,空港で使うことば,税関,dàan sǔn lá kaa kɔɔn,ด่านศุลกากร
59,空港で使うことば,リコンファーム,rii khɔɔn fəə,รีคอนเฟอร์ม
59,空港で使うことば,安全な,plɔ̀ɔt phay,ปลอดภัย
60,機内で使うことば,飛行機,sa nǎam bin,สนามบิน
60,機内で使うことば,離陸する,khrɯ̂aŋ bin khɯ̂n,เครื่องบินขึ้น
60,機内で使うことば,着陸する,khrɯ̂aŋ bin loŋ,เครื่องบินลง
60,機内で使うことば,座席,thîi nâŋ,ที่นั่ง
60,機内で使うことば,座席番号,bəə thîi nâŋ,เบอร์ที่นั่ง
60,機内で使うことば,窓側の座席,thîi nâŋ rim nâa tàaŋ,ที่นั่งริมหน้าต่าง
60,機内で使うことば,隣の席,thîi nâŋ,ที่นั่ง
60,機内で使うことば,ファーストクラス,thîi nâŋ chán nɯ̀ŋ,ที่นั่งชั้นหนึ่ง
60,機内で使うことば,タバコ,bu rìi,บุหรี่
60,機内で使うことば,禁煙席,thîi nâŋ hâam sùup bùʔ rìi,ที่นั่งห้ามสูบบุหรี่
60,機内で使うことば,サービス,bɔɔ ríʔ kaan,บริการ
60,機内で使うことば,おしぼり,phâa yen,ผ้าเย็น
60,機内で使うことば,おみやげ,khɔ̌ɔŋ fàak,ของฝาก
60,機内で使うことば,税金を払う,sǐa phaa sǐi,เสียภาษี
60,機内で使うことば,申告する,cɛ̂ɛŋ,แจ้ง
60,機内で使うことば,国籍,sǎn châat,สัญชาติ
60,機内で使うことば,記入する,krɔ̀ɔk,กรอก
60,機内で使うことば,違法な,phìt kòt mǎay,ผิดกฎหมาย
60,機内で使うことば,パイロット,nák bin,นักบิน
60,機内で使うことば,機長,kàp tan,กัปตัน
60,機内で使うことば,エアホステス,ʔɛɛ hóot sa tèet,แอร์โฮสเตสส์
61,ホテルに泊まる,ホテル,rooŋ rɛɛm,โรงแรม
61,ホテルに泊まる,泊まる・宿泊する,phák,พัก
61,ホテルに泊まる,ロビー,lɔ̂ɔp bîi,ลอบบี้
61,ホテルに泊まる,フロント,rii see phá chân,รีเซพชั่น
61,ホテルに泊まる,チェックイン,chék ʔin,เช็คอิน
61,ホテルに泊まる,チェックアウト,chék ʔaw,เช็คเอาท์
61,ホテルに泊まる,客室・ルーム,hɔ̂ɔŋ phák,ห้องพัก
61,ホテルに泊まる,シングルルーム,hɔ̂ɔŋ dìaw,ห้องเดี่ยว
61,ホテルに泊まる,ツインルーム,hɔ̂ɔŋ khûu,ห้องคู่
61,ホテルに泊まる,満室,hɔ̂ɔŋ tem,ห้องเต็ม
61,ホテルに泊まる,空室,hɔ̂ɔŋ wâaŋ,ห้องว่าง
61,ホテルに泊まる,部屋代・宿泊料,khâa phák,ค่าพัก
61,ホテルに泊まる,前払い,càay lûaŋ nâa,จ่ายล่วงหน้า
61,ホテルに泊まる,計算書・請求書,bin,บิลล์
61,ホテルに泊まる,領収書,bay sèt,ใบเสร็จ
61,ホテルに泊まる,ランドリーサービス,bɔɔ ríʔ kaan sák phâa,บริการซักผ้า
61,ホテルに泊まる,食堂,hɔ̂ɔŋ ʔaa hǎan,ห้องอาหาร
61,ホテルに泊まる,ボーイ,bɔ̌ɔy,บ๋อย
61,ホテルに泊まる,チップ,thí pɔɔ,ทิป
61,ホテルに泊まる,非常口,thaaŋ ʔɔ̀ɔk chùk chə̌ən,ทางออกฉุกเฉิน
61,ホテルに泊まる,水が出ない,náam mây lǎy,น้ำไม่ไหล
62,レストランで,レストラン,ráan ʔaa hǎan,ร้านอาหาร
62,レストランで,タイ料理,ʔaa hǎan thay,อาหารไทย
62,レストランで,洋食,ʔaa hǎan fa ràŋ,อาหารฝรั่ง
62,レストランで,中華料理,ʔaa kaan ciin,อาการจีน
62,レストランで,和食,ʔaa hǎan yîi pùn,อาหารญี่ปุ่น
62,レストランで,日本料理レストラン,ráan ʔaa hǎan yîi pùn,ร้านอาหารญี่ปุ่น
62,レストランで,中華料理レストラン,ráan ʔaa hǎan ciin,ร้านอาหารจีน
62,レストランで,タイ料理レストラン,ráan ʔaa hǎan thay,ร้านอาหารไทย
62,レストランで,高級レストラン,phót taa khaa,ภตตาคาร
62,レストランで,野外レストラン,sǔan ʔaa hǎan,สวนอาหาร
62,レストランで,ビュッフェ,bùf fêʔ,บุฟเฟ่ต์
62,レストランで,メニュー,mee nuu,เมนู
62,レストランで,デザート,khɔ̌ɔŋ wǎan,ของหวาน
62,レストランで,定食・コース料理,ʔaa hǎan chút,อาหารชุด
62,レストランで,ウェイター・ウェイトレス,phá nák ŋaan sə̀əf,พนักงานเสิร์ฟ
62,レストランで,セルフサービス,bɔɔ rí kaan tua ʔeeŋ,บริการตัวเอง
62,レストランで,どうぞ,chəən,เชิญ
62,レストランで,おらくに,taam sa baay,ตามสบาย
62,レストランで,注文,sàŋ,สั่ง
62,レストランで,勘定する,chék,เช็ค
62,レストランで,おつりはいりません,mây tɔ̂ŋ thɔɔn,ไม่ต้องทอน
63,果物とシーフード,果物,phǒn lá máay,ผลไม้
63,果物とシーフード,ミカン,sôm,ส้ม
63,果物とシーフード,バナナ,klûay,กล้วย
63,果物とシーフード,スイカ,tɛɛŋ moo,แตงโม
63,果物とシーフード,リンゴ,ʔɛ̀ɛp pə̂ən,แอปเปิ้ล
63,果物とシーフード,ランブータン,ŋɔ́ʔ,เงาะ
63,果物とシーフード,マンゴー,máʔ mûaŋ,มะม่วง
63,果物とシーフード,マンゴスチン,maŋ khút,มังคุด
63,果物とシーフード,パパイヤ,máʔ láʔ kɔɔ,มะละกอ
63,果物とシーフード,ラムヤイ,lam yay,ลำไย
63,果物とシーフード,ノイナー,nɔ́ɔy nàa,น้อยหน่า
63,果物とシーフード,ファラン,fa ràŋ,ฝรั่ง
63,果物とシーフード,パイナップル,sàp pà rót,สัปปะรด
63,果物とシーフード,ドリアン,thúʔ rian,ทุเรียน
63,果物とシーフード,ぶどう,ʔà ŋùn,องุ่น
63,果物とシーフード,ヤシの実,máʔ phráaw,มะพร้าว
63,果物とシーフード,イカ,plaa mɯ̀k,ปลาหมึก
63,果物とシーフード,エビ,kûŋ,กุ้ง
63,果物とシーフード,カニ,puu,ปู
63,果物とシーフード,貝,hɔ̌ɔy,หอย
63,果物とシーフード,カキ,hɔ̌ɔy naaŋ rom,หอยนางรม
64,何か飲み物でも,お湯,nám rɔ́ɔn,น้ำร้อน
64,何か飲み物でも,茶,nám chaa,น้ำชา
64,何か飲み物でも,紅茶,chaa fa ràŋ,ชาฝรั่ง
64,何か飲み物でも,コーヒー,kaa fɛɛ,กาแฟ
64,何か飲み物でも,ホットコーヒー,kaa fɛɛ rɔ́ɔn,กาแฟร้อน
64,何か飲み物でも,お酒,lâw,เหล้า
64,何か飲み物でも,ビール,bia,เบียร์
64,何か飲み物でも,ワイン,way,ไวน์
64,何か飲み物でも,ウィスキー,wít sa kîi,วิสกี้
64,何か飲み物でも,ウィスキーの水割り,wá sà kîi náam,วสกี้น้ำ
64,何か飲み物でも,ウィスキーのソーダ割り,wít sa kîi soo daa,วิสกี้โซดา
64,何か飲み物でも,ブランデー,maw,เมา
64,何か飲み物でも,日本酒,nom sòt,นมสด
64,何か飲み物でも,つまみ・肴,klɛ̂ɛm,แกล้ม
64,何か飲み物でも,酔っぱらう,maw,เมา
64,何か飲み物でも,牛乳,nom sòt,นมสด
64,何か飲み物でも,生オレンジジュース,nám sôm khán,น้ำส้มคั้น
64,何か飲み物でも,コーラ,khóok / khoo lâa,โค้ก/โคล่า
64,何か飲み物でも,タイ風のアイスコーヒー,ʔoo líaŋ,โอเลี้ยง
64,何か飲み物でも,アイスクリーム,ʔay sa khriim,ไอศครีม
64,何か飲み物でも,乾杯する,dɯ̀ɯm chay yoo,ดื่มไชโย
65,お金と銀行,お金,ŋən,เงิน
65,お金と銀行,現金,ŋən sòt,เงินสด
65,お金と銀行,小切手,chék,เช็ค
65,お金と銀行,トラベラーズチェック,chék dəən thaaŋ,เช็คเดินทาง
65,お金と銀行,署名する,sen chɯ̂ɯ,เซ็นชื่อ
65,お金と銀行,紙幣,bɛ́ŋ,แบงค์
65,お金と銀行,硬貨,rǐan,เหรียญ
65,お金と銀行,両替する,lɛ̂ɛk ŋən,แลกเงิน
65,お金と銀行,交換レート,ʔàt raa lɛ̂ɛk plìan,อัตราแลกเปลี่ยน
65,お金と銀行,銀行,thá naa khaan,ธนาคาร
65,お金と銀行,送金,sòŋ ŋən,ส่งเงิน
65,お金と銀行,預金通帳,sà mùt ban chii thá naa khaan,สมุดบัญชีธนาคาร
65,お金と銀行,利子,dɔ̀ɔk bîa,ดอกเบี้ย
65,お金と銀行,金庫,tûu séep,ตู้เซฟ
65,お金と銀行,預金,ŋən fàak,เงินฝาก
65,お金と銀行,電卓,khrɯ̂aŋ khít lêek,เครื่องคิดเลข
65,お金と銀行,負債・借金,nîi sǐn,หนี้สิน
65,お金と銀行,バーツ,bàat,บาท
65,お金と銀行,サタン,sa taaŋ,สตางค์
65,お金と銀行,円,yeen,เยน
65,お金と銀行,ドル,dɔn lâa,ดอลลาร์
66,犯罪にあったら,どろぼう,kha mooy,ขโมย
66,犯罪にあったら,泥棒にあう・盗まれる,doon kha mooy khɔ̌ɔŋ,โดนขโมยของ
66,犯罪にあったら,強盗,coon,โจร
66,犯罪にあったら,やくざ,nák leeŋ,นักเลง
66,犯罪にあったら,悪者,phûu ráay,ผู้ร้าย
66,犯罪にあったら,助けて！,chûay dûay,ช่วยด้วย
66,犯罪にあったら,逮捕される,doon càp,โดนจับ
66,犯罪にあったら,懲役になる,tìt khúk,ติดคุก
66,犯罪にあったら,証拠,làk thǎan,หลักฐาน
66,犯罪にあったら,白状する,sǎa rá phâap,สารภาพ
66,犯罪にあったら,逃げる,nǐi,หนี
66,犯罪にあったら,道に迷う,lǒŋ thaaŋ,หลงทาง
66,犯罪にあったら,だます,lɔ̀ɔk,หลอก
66,犯罪にあったら,警察署,sa thǎa nii tam rùat,สถานีตำรวจ
66,犯罪にあったら,留置場,rooŋ phák,โรงพัก
66,犯罪にあったら,弁護士,thá naay khwaam,ทนายความ
66,犯罪にあったら,検事,ʔay yá kaan,อัยการ
66,犯罪にあったら,判事,phûu phíʔ phâak sǎa,ผู้พิพากษา
66,犯罪にあったら,アヘン・ケシ,fìn,ฝิ่น
66,犯罪にあったら,マリファナ,kan chaa,กัญชา
66,犯罪にあったら,死刑,pra hǎan chii wít,ประหารชีวิต
67,買い物をする,市場,ta làat,ตลาด
67,買い物をする,スーパーマーケット,súp pə̂ə maak kêt,ซุปเปอร์มาร์คเกต
67,買い物をする,デパート,sàp phá sǐn kháa,สรรพสินค้า
67,買い物をする,買う,sɯ́ɯ,ซื้อ
67,買い物をする,ツケで買う,sɯ́ɯ chɯ̂a,ซื้อเชื่อ
67,買い物をする,お得意さん・顧客,lûuk kháa,ลูกค้า
67,買い物をする,売る,khǎay,ขาย
67,買い物をする,値段,raa khaa,ราคา
67,買い物をする,値切る,tɔ̀ɔ raa khaa,ต่อราคา
67,買い物をする,値引きする,lót raa khaa,ลดราคา
67,買い物をする,お金を払う,càay ŋən,จ่ายเงิน
67,買い物をする,おつり,ŋən thɔɔn,เงินทอน
67,買い物をする,値段が高い,phɛɛŋ,แพง
67,買い物をする,値段が安い・正しい,thùuk,ถูก
67,買い物をする,タダ,frii,ฟรี
67,買い物をする,節約する,pra yàt,ประหยัด
67,買い物をする,浪費する,plɯaŋ,เปลือง
67,買い物をする,プレゼント,khɔ̌ɔŋ khǔan,ของขวญ
67,買い物をする,ローンで払う,phɔ̀ɔn,ผ่อน
67,買い物をする,おまけ,thɛ̌ɛm,แถม
67,買い物をする,カード,kàad,การ์ด
68,郵便を出す,郵便局・郵便,pray sa nii,ไปรษณีย์
68,郵便を出す,ポスト,tûu pray sa nii,ตู้ไปรษณีย์
68,郵便を出す,手紙,còt mǎay,จดหมาย
68,郵便を出す,はがき,pray sa nii yáʔ bàt,ไปรษณียบัตร
68,郵便を出す,絵はがき,póot sa káat,ไปสการ์ด
68,郵便を出す,便せん,kra dàat khǐan còt mǎay,กระดาษเขียนจดหมาย
68,郵便を出す,封筒,sɔɔŋ còt mǎay,ซองจดหมาย
68,郵便を出す,宛名を書く,càa nâa sɔɔŋ,จ่าหน้าซอง
68,郵便を出す,郵便番号,rá hàt pray sa nii,รหัสไปรษณีย์
68,郵便を出す,切手,sa tɛɛm,แสตมป์
68,郵便を出す,切手を貼る,pìt sa tɛɛm,ปิดแสตมป์
68,郵便を出す,手紙を出す,sòŋ còt mǎay,ส่งจดหมาย
68,郵便を出す,手紙を受け取る,dây ráp còt mǎay,ได้รับจดหมาย
68,郵便を出す,小包,phát sa dùʔ,พัสดุ
68,郵便を出す,航空書簡,còt mǎay ʔaa kàat,จดหมายอากาศ
68,郵便を出す,書留にする,loŋ tháʔ bian,ลงทะเบียน
68,郵便を出す,航空便の,thaaŋ ʔaa kàat,ทางอากาศ
68,郵便を出す,船便の,thaaŋ rɯa,ทางเรือ
68,郵便を出す,郵便為替,thá naa nát,ธนาณัติ
68,郵便を出す,電報,thoo rá lêek,โทรเลข
68,郵便を出す,年賀状,sɔ̌ɔ khɔɔ sɔ̌ɔ,ส.ค.ส.
69,電話をかける,電話,thoo rá sàp,โทรศัพท์
69,電話をかける,電話番号,bəə thoo rá sàp,เบอร์โทรศัพท์
69,電話をかける,電話をかける,thoo,โทร
69,電話をかける,リンリン,kríŋ kríŋ,กริ๊งๆ
69,電話をかける,もしもし,han lǒo,ฮัลโหล
69,電話をかける,話し中,sǎay mây wâaŋ,สายไม่ว่าง
69,電話をかける,電話をかけ間違える,thoo phìt,โทรผิด
69,電話をかける,電話をかけ直す,thoo mày,โทรใหม่
69,電話をかける,電話に出る,ráp thoo rá sàp,รับโทรศัพท์
69,電話をかける,電話で話す,phûut thoo rá sàp,พูดโทรศัพท์
69,電話をかける,受話器,hǔu thoo rá sàp,หูโทรศัพท์
69,電話をかける,電話を切る,waaŋ hǔu thoo rá sàp,วางหูโทรศัพท์
69,電話をかける,オペレーター,ʔoo pəə ree tə̂ə,โอเปอเรเตอร์
69,電話をかける,内線,sǎay nay,สายใน
69,電話をかける,外線,sǎay nɔ̂ɔk,สายนอก
69,電話をかける,電電公社,ʔoŋ kaan thoo rá sàp,องค์การโทรศัพท์
69,電話をかける,電話料金,khaa thoo rá sàp,ค่าโทรศัพท์
69,電話をかける,電話帳,sa mùt bəə thoo rá sàp,สมุดเบอร์โทรศัพท์
69,電話をかける,長距離電話,thoo rá sàp thaaŋ klay,โทรศัพท์ทางไกล
69,電話をかける,コレクトコール,thoo rá sàp kèp ŋən plaay thaaŋ,โทรศัพท์เก็บเงินปลายทาง
69,電話をかける,国際電話,thoo rá sàp ráʔ wàaŋ pra thêet,โทรศัพท์ระหว่างประเทศ
70,病院へ行く,病院,rooŋ phá yaa baan,โรงพยาบาล
70,病院へ行く,入院する,khâw rooŋ phá yaa baan,เข้าโรงพยาบาล
70,病院へ行く,退院する,ʔɔ̀ɔk càak rooŋ phá yaa baan,ออกจากโรงพยาบาล
70,病院へ行く,医者・先生,khun mɔ̌ɔ naay phɛ̂ɛt,คุณหมอ นายแพทย์
70,病院へ行く,看護婦,naaŋ phá yaa baan,นางพยาบาล
70,病院へ行く,内科,phɛ̌ɛn kɔɔ yúʔ rók ron,แผนกอยุรกรรม
70,病院へ行く,外科,pha nɛ̀ɛk sǎn lá yá kam,แผนกศัลยกรรม
70,病院へ行く,産科,pha nɛ̀ɛk sǔu tìʔ kam,แผนกสูติกรรม
70,病院へ行く,歯科医,mɔ̌ɔ fan than tà phɛ̂ɛt,หมอฟัน ทันตแพทย์
70,病院へ行く,献血,bɔɔ ríʔ càak lɯ̂at,บริจาคเลือด
70,病院へ行く,救急車,rót phá yaa baan,รถพยาบาล
70,病院へ行く,患者・病人,khon khây,คนไข้
70,病院へ行く,体温,ʔun hà phuum râaŋ kaay,อุณหภูมิร่างกาย
70,病院へ行く,血圧,khwaam dan loo hìt,ความดันโลหิต
70,病院へ行く,注射する,chìit yaa,ฉีดยา
70,病院へ行く,手術する,phàa tàt,ผ่าตัด
70,病院へ行く,薬を飲む,thaan yaa,ทานยา
70,病院へ行く,症状,ʔaa kaan,อาการ
70,病院へ行く,診察券,bàt khɔɔ yɔɔ khây,บัตรคยไข้
70,病院へ行く,受付,phɛ̌ɛn kràp bàt khon khây,แผนกรับบัตรคนไข้
70,病院へ行く,薬局,pha nɛ̀ɛk càay yaa,แผนกจ่ายยา
71,病気を説明する,外部的に痛い,cèp,เจ็บ
71,病気を説明する,内部的に痛い,pùat,ปวด
71,病気を説明する,熱がある,mii khây,มีไข้
71,病気を説明する,風邪をひく,pen wàt,เป็นหวัด
71,病気を説明する,めまいがする,wian hǔa,เวียนหัว
71,病気を説明する,頭痛がする,pùat hǔa,ปวดหัว
71,病気を説明する,おなかが痛む,pùat thɔ́ɔŋ,ปวดท้อง
71,病気を説明する,下痢をする,thɔ́ɔŋ sǐa,ท้องเสีย
71,病気を説明する,吐く,ʔaa cian,อาเจียน
71,病気を説明する,炎症を起こす,ʔàk sèep,อักเสบ
71,病気を説明する,けがをする,bàat cèp,บาดเจ็บ
71,病気を説明する,包帯,phâa phan phlɛ̌ɛ,ผ้าพันแผล
71,病気を説明する,かゆい,khan,คัน
71,病気を説明する,吐き気がする,khlɯ̂ɯn sây,คลื่นไส้
71,病気を説明する,体温計,khrɯ̂aŋ wát pà rɔ̀ɔt,เครื่องวัดปรอด
71,病気を説明する,病歴,thá bian khon khây,ทะเบียนคนไข้
71,病気を説明する,病室,hɔ̂ɔŋ khon khây,ห้องคนไข้
71,病気を説明する,レントゲン・X線,ʔék sa ree,เอกซเรย์
71,病気を説明する,尿検査,trùat pàt sǎa wáʔ,ตรวจปัสสาวะ
71,病気を説明する,治る,hǎay,หาย
72,病気の名前,中耳炎,hǔu ʔàk sèep,หูอักเสบ
72,病気の名前,盲腸炎,sây tìŋ ʔàk sèep,ไส้ติ่งอักเสบ
72,病気の名前,心臓マヒ,hǔa cay waay,หัวใจวาย
72,病気の名前,痔,rít sǐi duaŋ thá waan,ริดสีดวงทวาร
72,病気の名前,高血圧,khwaam daŋ loo hìt sǔuŋ,ความดังโลหิตสูง
72,病気の名前,肝炎,tàp ʔàk sèep,ตับอักเสบ
72,病気の名前,肺炎,pɔ̀ɔt ʔàk sèep,ปอดอักเสบ
72,病気の名前,癌,máʔ reŋ,มะเร็ง
72,病気の名前,結核,wan ná rôok,วัณโรค
72,病気の名前,はしか,rôok hàt,โรคหัด
72,病気の名前,風疹,hàt yəə rá man,หัดเยอรมัน
72,病気の名前,インフルエンザ,khây wàt yày,ไข้หวัดใหญ่
72,病気の名前,マラリア,khây maa laa ria,ไข้มาลาเรีย
72,病気の名前,コレラ,ʔà hìʔ waa,อหิวาต์
72,病気の名前,赤痢,bìt,บิด
72,病気の名前,性病,kaam má rôok,กามโรค
72,病気の名前,皮膚炎,rôok phǐw nǎŋ,โรคผิวหนัง
72,病気の名前,精神病,rôok cìt,โรคจิต
72,病気の名前,疫病,rôok ráʔ bàat,โรคระบาด
72,病気の名前,伝染病,rôok tìt tɔ̀ɔ,โรคติดต่อ
72,病気の名前,エイズ,ʔèet,เอดส์
73,感情を表現する,感情,khwaam rúu sɯ̀k,ความรู้สึก
73,感情を表現する,うれしい・喜ぶ,dii cay,ดีใจ
73,感情を表現する,楽しい,sa nùk,สนุก
73,感情を表現する,つまらない,mây sa nùk,ไม่สนุก
73,感情を表現する,面白い・興味深い,nâa sǒn cay,น่าสนใจ
73,感情を表現する,おかしい・こっけいだ,tà lòk,ตลก
73,感情を表現する,ドキドキする,tɯ̀ɯn tên,ตื่นเต้น
73,感情を表現する,感動する・感銘を受ける,pràʔ tàp cay,ประตับใจ
73,感情を表現する,愛する,rák,รัก
73,感情を表現する,好きだ,chɔ̂ɔp,ชอบ
73,感情を表現する,きらいだ,mây chɔ̂ɔp,ไม่ชอบ
73,感情を表現する,うらやましがる,ʔìt chǎa,อิจฉา
73,感情を表現する,満足する,phɔɔ cay,พอใจ
73,感情を表現する,不満に思う,mây phɔɔ cay,ไม่พอใจ
73,感情を表現する,がっかりする・失望する,phìt wǎŋ,ผิดหวัง
73,感情を表現する,悔しく思う,cèp cay,เจ็บใจ
73,感情を表現する,怒る,kròot,โกรธ
73,感情を表現する,同情する,hěn dûay,เห็นด้วย
73,感情を表現する,憎む,klìat,เกลียด
73,感情を表現する,心配する,pen hùaŋ,เป็นห่วง
73,感情を表現する,恥ずかしい,ʔaay,อาย
74,あなたの性格は,性質・性格,ní sǎy,นิสัย
74,あなたの性格は,性格が良い,ní sǎy dii,นิสัยดี
74,あなたの性格は,性格が悪い,ní sǎy mây dii,นิสัยไม่ดี
74,あなたの性格は,誠実である,sɯ̂ɯ sàt,ซื่อสัตย์
74,あなたの性格は,明るい,râa rəəŋ,ร่าเริง
74,あなたの性格は,積極的である,klâa,กล้า
74,あなたの性格は,悪がしこい,chà làat,ฉลาด
74,あなたの性格は,ケチな,khîi nǐaw,ขี้เหนียว
74,あなたの性格は,厳格な,khêm ŋûat,เข้มงวด
74,あなたの性格は,気が短い,cay rɔ́ɔn,ใจร้อน
74,あなたの性格は,小うるさい,cùk cìk,จุกจิก
74,あなたの性格は,厚かましい,nâa dâan,หน้าด้าน
74,あなたの性格は,勝手な,hěn kɛ̀ɛ tua,เห็นแก่ตัว
74,あなたの性格は,わがままな,ʔaw tɛ̀ɛ cay tua,เอาแต่ใจตัว
74,あなたの性格は,怠け者の・面倒くさい,khîi kìat,ขี้เกียจ
74,あなたの性格は,落ち着いた,sa ŋàa,สง่า
74,あなたの性格は,高慢な・傲慢な,yìŋ,หยิ่ง
74,あなたの性格は,優しい,ʔɔ̀ɔn wǎan,อ่อนหวาน
74,あなたの性格は,親切な,cay dii,ใจดี
74,あなたの性格は,愚かな,ŋôo,โง่
74,あなたの性格は,ほがらかな,yím yɛ́ɛm,ยิ้มแย้ม
75,趣味は何ですか,趣味,ŋaan ʔàʔ dìʔ rèek,งานอดิเรก
75,趣味は何ですか,釣りをする,tòk plaa,ตกปลา
75,趣味は何ですか,読書をする,ʔàan nǎŋ sɯ̌ɯ,อ่านหนังสือ
75,趣味は何ですか,外国語を勉強する,ree  ná phaa sǎa tàŋ pra thêet,เรัยนภาษาต่างประเทศ
75,趣味は何ですか,骨董品を集める,sàʔ sǒm khɔ̌ɔŋ kàw,สะสมของเก่า
75,趣味は何ですか,切手を集める,sàʔ sǒm sa tɛɛm,สะสมแสตมป์
75,趣味は何ですか,コインを集める,sàʔ sǒm rǐan,สะสมเหรียญ
75,趣味は何ですか,散歩をする,dəən lên,เดินเล่น
75,趣味は何ですか,花を栽培する,plùuk dɔ̀ɔk máay,ปลูกดอกไม้
75,趣味は何ですか,歌を歌う,rɔ́ɔŋ phleeŋ,ร้องเพลง
75,趣味は何ですか,踊りを踊る,tên ram,เต้นรำ
75,趣味は何ですか,写真を撮る,thàay rûup,ถ่ายรูป
75,趣味は何ですか,絵を描く,wâat phâap,วาดภาพ
75,趣味は何ですか,トランプをする,lên phây,เล่นไพ่
75,趣味は何ですか,ギターを弾く,lên kii taa,เล่นกีตาร์
75,趣味は何ですか,ピアノを弾く,lên pia noo,เล่นเปียโน
75,趣味は何ですか,楽器,khrɯ̂aŋ don trii,เครื่องดนตรี
75,趣味は何ですか,映画を見る,duu nǎŋ,ดูหนัง
75,趣味は何ですか,宝くじを買う,sɯ́ɯ lɔ́t təə rîi,ซื้อล็อตเตอรี่
75,趣味は何ですか,ディスコ,dìt kôo,ดิสโก้
75,趣味は何ですか,遊園地,sǔan sa nùk,สวนสนุก
76,芸術・芸能に親しむ,芸術,sǐn lá pàʔ,ศิลปะ
76,芸術・芸能に親しむ,陶磁器,khrɯ̂aŋ din phǎw,เครื่องดินเผา
76,芸術・芸能に親しむ,古典文学,wan ná khá dii,วรรณคดี
76,芸術・芸能に親しむ,近代文学,wan ná kam,วรรณกรรม
76,芸術・芸能に親しむ,古典舞踊,nâat tàʔ sǐn,นาฏศิลป์
76,芸術・芸能に親しむ,古典劇・ドラマ・劇,láʔ khɔɔn,ละคร
76,芸術・芸能に親しむ,音楽家,nák don trii,นักดนตรี
76,芸術・芸能に親しむ,作家,nák khǐan,นักเขียน
76,芸術・芸能に親しむ,画家,nák wâat phâap,นักวาดภาพ
76,芸術・芸能に親しむ,人間文化財,pùut chá nii yá bùk khon,ปูชนียบุคคล
76,芸術・芸能に親しむ,ドキュメント,sǎa rá khá dii,สารคดี
76,芸術・芸能に親しむ,俳優,nák sa dɛɛŋ,นักแสดง
76,芸術・芸能に親しむ,主演・主役,naaŋ ʔèek phrá ʔèek,นางเอก พระเอก
76,芸術・芸能に親しむ,サーカス,láʔ khɔɔn sàt,ละครสัตว์
76,芸術・芸能に親しむ,歌手,nák rɔ́ɔŋ,นักร้อง
76,芸術・芸能に親しむ,スター・アイドル,daa raa,ดารา
76,芸術・芸能に親しむ,拍手する,pròp mɯɯ,ปรบมือ
76,芸術・芸能に親しむ,映画館,rooŋ nǎŋ,โรงหนัง
76,芸術・芸能に親しむ,劇場,rooŋ láʔ khɔɔn,โรงละคร
76,芸術・芸能に親しむ,コンサート,khɔɔn sə̀ət,คอนเสิร์ต
76,芸術・芸能に親しむ,美術館,hɔ̌ɔ sǐn,หอศิลป์
77,スポーツが好き,運動する,ʔɔ̀ɔk kam laŋ kaay,ออกกำลังกาย
77,スポーツが好き,スポーツ,kii laa,กีฬา
77,スポーツが好き,選手・スポーツマン,nák kii laa,นักกีฬา
77,スポーツが好き,マラソン,maa raa thɔɔn,มาราธอน
77,スポーツが好き,水泳をする,wâay náam,ว่ายน้ำ
77,スポーツが好き,バドミントン,bɛ̀ɛt min tan,แบดมินตัน
77,スポーツが好き,サッカー,fút bɔɔn,ฟุตบอล
77,スポーツが好き,体操,yim nɛɛ sa tìʔ,ยิมแนสติค
77,スポーツが好き,ボクシング,muay,มวย
77,スポーツが好き,タイ式ボクシング,muay thay,มวยไทย
77,スポーツが好き,タックロー,tàʔ krɔ̂ɔ,ตะกร้อ
77,スポーツが好き,柔道,yuu doo,ยูโด
77,スポーツが好き,スキー,sa kii,สกี
77,スポーツが好き,テニス,theen nít,เทนนิส
77,スポーツが好き,勝つ,chá náʔ,ชนะ
77,スポーツが好き,負ける,phɛ́ɛ,แพ้
77,スポーツが好き,記録・統計,sa thì tìʔ,สถิติ
77,スポーツが好き,応援する,chia,เชียร์
77,スポーツが好き,体育館,rooŋ yim,โรงยิม
77,スポーツが好き,運動場・競技場,sa nǎam kii laa,สนามกีฬา
77,スポーツが好き,プール,sàʔ wâay náam,สระว่ายน้ำ
78,ラジオ・テレビ・新聞・雑誌,ラジオ,wít thá yúʔ,วิทยุ
78,ラジオ・テレビ・新聞・雑誌,テレビ（口語）,thii wii,ทีวี
78,ラジオ・テレビ・新聞・雑誌,ラジオ局,sa thǎa nii wít thá yúʔ,สถานีวิทยุ
78,ラジオ・テレビ・新聞・雑誌,テレビ局,sa thǎa nii thoo rá thát,สถานีโทรทัศน์
78,ラジオ・テレビ・新聞・雑誌,番組・プログラム,raay kaan,รายการ
78,ラジオ・テレビ・新聞・雑誌,中継放送,raay kaan thàay thɔ̂ɔt,รายการถ่ายทอด
78,ラジオ・テレビ・新聞・雑誌,生放送,raay kaan sòt,รายการสด
78,ラジオ・テレビ・新聞・雑誌,録画,théep ban thɯ́k phâap,เทปบันทึกภาพ
78,ラジオ・テレビ・新聞・雑誌,ニュース・知らせ,khàaw,ข่าว
78,ラジオ・テレビ・新聞・雑誌,広告・コマーシャル,khôot sa naa,โฆษณา
78,ラジオ・テレビ・新聞・雑誌,アニメ,kaa tuun,การ์ตูน
78,ラジオ・テレビ・新聞・雑誌,ビデオを撮る,thàay wii dii ʔoo,ถ่ายวีดีโอ
78,ラジオ・テレビ・新聞・雑誌,チャンネル,chɔ̂ɔŋ,ช่อง
78,ラジオ・テレビ・新聞・雑誌,チャンネルを回す,lɯ̂an chɔ̂ɔŋ,เลื่อนช่อง
78,ラジオ・テレビ・新聞・雑誌,新聞,nǎŋ sɯ̌ɯ phim,หนังสือพิมพ์
78,ラジオ・テレビ・新聞・雑誌,週刊誌,waa rá sǎan raay sàp daa,วารสารรายสัปดาห์
78,ラジオ・テレビ・新聞・雑誌,読者,phûu ʔàan,ผู้อ่าน
78,ラジオ・テレビ・新聞・雑誌,記者,nák khàaw,นักข่าว
78,ラジオ・テレビ・新聞・雑誌,本屋,ráan khǎay nǎŋ sɯ̌ɯ,ร้านขายหนังสือ
78,ラジオ・テレビ・新聞・雑誌,小説,ná wá níʔ yaay,นวนิยาย
78,ラジオ・テレビ・新聞・雑誌,童話,níʔ thaan,นิทาน
79,職場で使うことば,会社,bɔɔ rí sàt,บริษัท
79,職場で使うことば,部門・セクション,pha nɛ̀ɛk,แผนก
79,職場で使うことば,オフィス,thîi tham ŋaan,ที่ทำงาน
79,職場で使うことば,給料,ŋən dɯan,เงินเดือน
79,職場で使うことば,ボーナス,boo nát,โบนัส
79,職場で使うことば,管理する,bɔɔ rí hǎan,บริหาร
79,職場で使うことば,係官,câw nâa thîi,เจ้าหน้าที่
79,職場で使うことば,職員,phá nák ŋaan,พนักงาน
79,職場で使うことば,事務員,sa mǐan,เสมียน
79,職場で使うことば,名刺,naam bàt,นามบัตร
79,職場で使うことば,輸出する,sòŋ sǐn kháa ʔɔ̀ɔk,ส่งสินค้าออก
79,職場で使うことば,輸入する,sàŋ sǐn kháa khâw,สั่งสินค้าเข้า
79,職場で使うことば,例・見本,tua yàaŋ,ตัวอย่าง
79,職場で使うことば,投資する,lá wá thun,ลวทุน
79,職場で使うことば,損をする・赤字,khàat thun,ขาดทุน
79,職場で使うことば,儲ける,dâay kam ray,ได้กำไร
79,職場で使うことば,契約する,sǎn yaa,สัญญา
79,職場で使うことば,見積もる,pra məən,ประเมิน
79,職場で使うことば,援助する,chûay lɯ̌a,ช่วยเหลือ
79,職場で使うことば,協力する,rûam mɯɯ,ร่วมมือ
79,職場で使うことば,商標・銘柄・ブランド,yîi hɔ̂ɔ,ยี่ห้อ
80,いろいろな職業,職業,ʔaa chîip,อาชีพ
80,いろいろな職業,軍人,thá hǎan,ทหาร
80,いろいろな職業,公務員,khâa râat chá kaan,ข้าราชการ
80,いろいろな職業,ビジネスマン,nák thúʔ rá kìt,นักธุรกิจ
80,いろいろな職業,大工,châŋ máay,ช่างไม้
80,いろいろな職業,工員,khon ŋaan,คนงาน
80,いろいろな職業,守衛,yaam,ยาม
80,いろいろな職業,銀行員,phá nák ŋaan thá naa khaan,พนักงานธนาคาร
80,いろいろな職業,漁民,chaaw pra moŋ,ชาวประมง
80,いろいろな職業,農民,chaaw naa chaaw rây,ชาวนา ชาวไร่
80,いろいろな職業,用務員,phaan rooŋ,ภารโรง
80,いろいろな職業,エンジニア・技術者,wít sa wáʔ kɔɔn,วิศวกร
80,いろいろな職業,コック,kúk,กุ๊ก
80,いろいろな職業,コンサルタント・相談役,thîi prɯ̀k sǎa,ที่ปรึกษา
80,いろいろな職業,専門家,phûu chîaw chaan,ผู้เชี่ยวชาญ
80,いろいろな職業,秘書,lee khǎa núʔ kaan,เลขานุการ
80,いろいろな職業,責任者,phûu ráp phìt chɔ̂ɔp,ผู้รับผิดชอบ
80,いろいろな職業,支配人・マネージャー,phûu càt kaan,ผู้จัดการ
80,いろいろな職業,社長,pra thaan bɔɔ rí sàt,ประธานบริษัท
80,いろいろな職業,理事,phûu ʔam nuay kaan,ผู้อำนวยการ
80,いろいろな職業,政治家,nák kaan mɯaŋ,นักการเมือง
81,政治に関する言葉,政治,kaan mɯaŋ,การเมือง
81,政治に関する言葉,政府,rát tha baan,รัฐบาล
81,政治に関する言葉,国会・国会議事堂,rát thà sa phaa,รัฐสภา
81,政治に関する言葉,憲法,rát thà tham má nuun,รัฐธรรมนูญ
81,政治に関する言葉,大臣,rát thà mon trii,รัฐมนตรี
81,政治に関する言葉,首相,naa yók rát thà mon trii,นายกรัฐมนตรี
81,政治に関する言葉,大統領,pra thaa naa thíp bɔɔ dii,ประธานาธิบดี
81,政治に関する言葉,大使館,sa thǎan thûut,สถานทูต
81,政治に関する言葉,予算,ŋóp pra maan,งบประมาณ
81,政治に関する言葉,国民・民衆,pra chaa chon,ประชาชน
81,政治に関する言葉,社会,sǎŋ khom,สังคม
81,政治に関する言葉,民主主義,pra chaa thíp pà tay,ประชาธิปไตย
81,政治に関する言葉,経済,sèet thà kìt,เศรษฐกิจ
81,政治に関する言葉,出入国管理事務所,kɔɔŋ trùat khon kâw mɯɯŋ,กองตรวจคนเข้าเมือง
81,政治に関する言葉,政策,ná yoo baay,นโยบาย
81,政治に関する言葉,公害,sǎa thaa rá ná phay,สาธารณภัย
81,政治に関する言葉,戦争,sǒŋ khraam,สงคราม
81,政治に関する言葉,難民,phûu líi phay,ผู้ลี้ภัย
81,政治に関する言葉,クーデター,pà tìʔ wát,ปฏิวัติ
81,政治に関する言葉,秩序・規律,ráʔ bìap,ระเบียบ
81,政治に関する言葉,平和,sǎn tìʔ phâap,สันติภาพ
82,宗教について,宗教,sàat sa nǎa,ศาสนา
82,宗教について,神様,phrá câw,พระเจ้า
82,宗教について,仏教,phút tháʔ sàat sa nǎa,พุทธศาสนา
82,宗教について,キリスト教,sàat sa nǎa khrít,ศาสนาคริสต์
82,宗教について,バラモン教,sàa sa nǎa phraam,ศาสนาพราหมณ์
82,宗教について,キリスト教の教会,bòot khrít,โบสถ์คริสต์
82,宗教について,イスラム教,sàat sa nǎa ʔìt sa laam,ศาสนาอิสลาม
82,宗教について,モスク,sùʔ ràw,สุเหร่า
82,宗教について,祈る,ʔà thít thǎan,อธิษฐาน
82,宗教について,仏様,phrá phút tháʔ câw,พระพุทธเจ้า
82,宗教について,寺,wát,วัด
82,宗教について,僧侶・お坊様,phráʔ,พระ
82,宗教について,仏像,phrá phúʔ thót thá rûup,พระพุทธรูป
82,宗教について,出家する,bùat,บวช
82,宗教について,還俗する,sɯ̀k,สึก
82,宗教について,尼さん,mɛ̂ɛ chii,แม่ชี
82,宗教について,パゴダ,phrá cee dii,พระเจดีย์
82,宗教について,占師,mɔ̌ɔ duu,หมอดู
82,宗教について,国王,phráʔ má hǎa kee sàt ríʔ,พระมหาเกษัตริย์
82,宗教について,皇帝・日本の天皇,càk kɔɔn phɔɔn dìʔ,จักกรพรรดิ
82,宗教について,神社・祠,sǎan câw,ศาลเจ้า
83,ミーティングで,会議・ミーティング,pra chum,ประชุม
83,ミーティングで,ミーティングをする,pra chum kan,ประชุมกัน
83,ミーティングで,提出する,yɯ̂ɯn,ยื่น
83,ミーティングで,提案する,sa nə̌ə,เสนอ
83,ミーティングで,意見,khwaam hěn,ความเห็น
83,ミーティングで,考え方・意見,khwaam khít,ความคิด
83,ミーティングで,表明する,sa dɛɛŋ,แสดง
83,ミーティングで,発表（する）,pra kàat,ประกาศ
83,ミーティングで,報告（する）,raay ŋaan,รายงาน
83,ミーティングで,案・計画,phɛ̌ɛn kaan,แผนการ
83,ミーティングで,計画する,waaŋ phɛ̌ɛn,วางแผน
83,ミーティングで,タイトル・テーマ,hǔa khɔ̂ɔ,หัวข้อ
83,ミーティングで,批判する,wí caan,วิจารณ์
83,ミーティングで,冗談を言う,phûut lên,พูดเล่น
83,ミーティングで,不満を言う,bòn,บ่น
83,ミーティングで,反対する,khát kháan,คัดค้าน
83,ミーティングで,同意する,hěn dûay,เห็นด้วย
83,ミーティングで,要求する,ree  krɔ̂ɔ,เรัยกร้อง
83,ミーティングで,支持する,sa nàp sa nǔn,สนับสนุน
83,ミーティングで,決定する,tàt sǐn,ตัดสิน
83,ミーティングで,許可する,ʔà núʔ yâat,อนุญาต
84,産業の発展,技術,thék noo loo yii,เทคโนโลยี
84,産業の発展,工業、産業,ʔùt sǎa hàʔ kam,อุตสาหกรรม
84,産業の発展,工場,rooŋ ŋaan,โรงงาน
84,産業の発展,生産する,phàʔ lìt,ผลิต
84,産業の発展,資源,sáp phá yaa kɔɔn,ทรัพยากร
84,産業の発展,天然資源,sáp phá yaa kɔɔn tham má châat,ทรัพยากรธรรมชาติ
84,産業の発展,原料,wát thùʔ dìp,วัตถุดิบ
84,産業の発展,錫,dii bùk,ดีบุก
84,産業の発展,原子,pà rá maa nuu,ปรมาณู
84,産業の発展,プラスチック・ビニール,phlâat tìk,พลาสติก
84,産業の発展,エネルギー,phá laŋ ŋaan,พลังงาน
84,産業の発展,ダム,khɯ̀an,เขื่อน
84,産業の発展,機械,khrɯ̂aŋ,เครื่อง
84,産業の発展,ガソリン,nám man,น้ำมัน
84,産業の発展,ガス,kɛ́ɛt,แก๊ส
84,産業の発展,部品,sùan pra kɔ̀ɔp,ส่วนประกอบ
84,産業の発展,プロジェクト,khrooŋ kaan,โครงการ
84,産業の発展,コンピューター,khɔɔm phiw təə,คอมพิวเตอร์
84,産業の発展,発展する・開発する,phát thá naa,พัฒนา
84,産業の発展,進歩する,kâaw nâa,ก้าวหน้า
84,産業の発展,繁栄する,cà rəən,เจริญ
85,文化と交流 ,文化,wát tha ná tham,วัฒนธรรม
85,文化と交流 ,影響,ʔìt thíʔ phon,อิทธิพล
85,文化と交流 ,文明,ʔaa rá yá tham,อารยธรรม
85,文化と交流 ,国際連合,ʔoŋ kaan sa hà pra chaa châat,องค์การสหประชาชาติ
85,文化と交流 ,環境,sìŋ wɛ̂ɛt lɔ́ɔm,สิ่งแวดล้อม
85,文化と交流 ,マスコミ,sɯ̀ɯ sǎan muan chon,สื่อสารมวลชน
85,文化と交流 ,センター,sǔun klaaŋ,ศูนย์กลาง
85,文化と交流 ,セミナー,sǎm má naa,สัมมนา
85,文化と交流 ,関係,khwaam sǎm phan,ความสัมพันธ์
85,文化と交流 ,協会,sa maa khom,สมาคม
85,文化と交流 ,道徳,sǐin lá tham,ศีลธรรม
85,文化と交流 ,公平（な）,yút tìʔ tham,ยุติธรรม
85,文化と交流 ,人工衛星,daaw thiam,ดาวเทียม
85,文化と交流 ,経験,pra sòp kaan,ประสบการณ์
85,文化と交流 ,習慣・風習,pra phee nii,ประเพณี
85,文化と交流 ,人口,pra chaa kɔɔn,ประชากร
85,文化と交流 ,役割,bòt bàat,บทบาท
85,文化と交流 ,自然・天然,tham má châat,ธรรมชาติ
85,文化と交流 ,お祭り,thêet sa kaan,เทศกาล
85,文化と交流 ,発展途上国,pra thêet kam laŋ phát thá naa,ประเทศกำลังพัฒนา
85,文化と交流 ,先進国,pra thêet phát thá naa lɛ́ɛw,ประเทศพัฒนาแล้ว